19:41:38.56 >>> Enter with block in <module> in File "/home/andvsilva/repo/porphyrio2025/AI/gabarito_answered/readpngcnt.py", line 98
19:41:38.56 .......... __name__ = '__main__'
19:41:38.56 .......... __doc__ = None
19:41:38.56 .......... __package__ = None
19:41:38.56 .......... __loader__ = <_frozen_importlib_external.SourceFileLoader object at 0x7b1857a1d7e0>
19:41:38.56 .......... __spec__ = None
19:41:38.56 .......... __annotations__ = {}
19:41:38.56 .......... __builtins__ = <module 'builtins' (built-in)>
19:41:38.56 .......... __file__ = '/home/andvsilva/repo/porphyrio2025/AI/gabarito_answered/readpngcnt.py'
19:41:38.56 .......... len(__file__) = 69
19:41:38.56 .......... __cached__ = None
19:41:38.56 .......... Path = <class 'pathlib.Path'>
19:41:38.56 .......... cv2 = <module 'cv2' from '/home/andvsilva/.local/lib/python3.10/site-packages/cv2/__init__.py'>
19:41:38.56 .......... np = <module 'numpy' from '/home/andvsilva/.local/lib/python3.10/site-packages/numpy/__init__.py'>
19:41:38.56 .......... np.shape = <function shape at 0x7b18555ac1f0>
19:41:38.56 .......... np.dtype = <class 'numpy.dtype'>
19:41:38.56 .......... os = <module 'os' from '/usr/lib/python3.10/os.py'>
19:41:38.56 .......... csv = <module 'csv' from '/usr/lib/python3.10/csv.py'>
19:41:38.56 .......... pd = <module 'pandas' from '/home/andvsilva/.local/lib/python3.10/site-packages/pandas/__init__.py'>
19:41:38.56 .......... ic = <icecream.icecream.IceCreamDebugger object at 0x7b183373afb0>
19:41:38.56 .......... snoop = <class 'snoop.configuration.Config.__init__.<locals>.ConfiguredTracer'>
19:41:38.56 .......... IMG_PATH = 'edf_cnt_gabarito.png'
19:41:38.56 .......... OUT_CSV = 'gabarito_CNT.csv'
19:41:38.56 .......... OUT_IMG = 'gabarito_final_CNT.png'
19:41:38.56 .......... FILL_THRESHOLD = 0.5
19:41:38.56 .......... K_COLUMNS = 2
19:41:38.56 .......... OPTIONS = ['A', 'B', 'C', 'D', 'E']
19:41:38.56 .......... len(OPTIONS) = 5
19:41:38.56 .......... img_path = PosixPath('edf_cnt_gabarito.png')
19:41:38.56 .......... gray = array([[255, 255, 255, ..., 255, 255, 255],
19:41:38.56                          [255, 255, 255, ..., 255, 255, 255],
19:41:38.56                          [255, 255, 255, ..., 255, 255, 255],
19:41:38.56                          ...,
19:41:38.56                          [255, 255, 255, ..., 255, 255, 255],
19:41:38.56                          [255, 255, 255, ..., 255, 255, 255],
19:41:38.56                          [255, 255, 255, ..., 255, 255, 255]],
19:41:38.56                         shape=(1050, 1600), dtype=uint8)
19:41:38.56 .......... gray.shape = (1050, 1600)
19:41:38.56 .......... gray.dtype = dtype('uint8')
19:41:38.56 .......... _ = 136.0
19:41:38.56 .......... thresh = array([[0, 0, 0, ..., 0, 0, 0],
19:41:38.56                            [0, 0, 0, ..., 0, 0, 0],
19:41:38.56                            [0, 0, 0, ..., 0, 0, 0],
19:41:38.56                            ...,
19:41:38.56                            [0, 0, 0, ..., 0, 0, 0],
19:41:38.56                            [0, 0, 0, ..., 0, 0, 0],
19:41:38.56                            [0, 0, 0, ..., 0, 0, 0]], shape=(1050, 1600), dtype=uint8)
19:41:38.56 .......... thresh.shape = (1050, 1600)
19:41:38.56 .......... thresh.dtype = dtype('uint8')
19:41:38.56 .......... circles = [array([659,  25,  19], dtype=uint16), array([1385,  235,   21], dtype=uint16), array([563, 238,  19], dtype=uint16), ..., array([1387,  985,   19], dtype=uint16), array([1489,  987,   19], dtype=uint16), array([143, 989,  21], dtype=uint16)]
19:41:38.56 .......... len(circles) = 39
19:41:38.56 .......... rows = [[(np.uint16(659), np.uint16(25), np.uint16(19))], [(np.uint16(241), np.uint16(239), np.uint16(19)), (np.uint16(563), np.uint16(238), np.uint16(19)), (np.uint16(1385), np.uint16(235), np.uint16(21))], [(np.uint16(353), np.uint16(321), np.uint16(18)), (np.uint16(1069), np.uint16(321), np.uint16(19)), (np.uint16(1489), np.uint16(323), np.uint16(19))], ..., [(np.uint16(143), np.uint16(821), np.uint16(19)), (np.uint16(1279), np.uint16(821), np.uint16(19))], [(np.uint16(245), np.uint16(907), np.uint16(20)), (np.uint16(353), np.uint16(903), np.uint16(18)), (np.uint16(565), np.uint16(907), np.uint16(20)), (np.uint16(1173), np.uint16(903), np.uint16(19)), (np.uint16(1489), np.uint16(905), np.uint16(19))], [(np.uint16(143), np.uint16(989), np.uint16(21)), (np.uint16(247), np.uint16(985), np.uint16(19)), (np.uint16(565), np.uint16(985), np.uint16(19)), (np.uint16(1067), np.uint16(985), np.uint16(19)), (np.uint16(1387), np.uint16(985), np.uint16(19)), (np.uint16(1489), np.uint16(987), np.uint16(19))]]
19:41:38.56 .......... len(rows) = 11
19:41:38.56 .......... current_row = [(np.uint16(247), np.uint16(985), np.uint16(19)), (np.uint16(565), np.uint16(985), np.uint16(19)), (np.uint16(1067), np.uint16(985), np.uint16(19)), (np.uint16(1387), np.uint16(985), np.uint16(19)), (np.uint16(1489), np.uint16(987), np.uint16(19)), (np.uint16(143), np.uint16(989), np.uint16(21))]
19:41:38.56 .......... len(current_row) = 6
19:41:38.56 .......... last_y = np.float64(987.5)
19:41:38.56 .......... last_y.shape = ()
19:41:38.56 .......... last_y.dtype = dtype('float64')
19:41:38.56 .......... tol = 5
19:41:38.56 .......... x = np.uint16(143)
19:41:38.56 .......... x.shape = ()
19:41:38.56 .......... x.dtype = dtype('uint16')
19:41:38.56 .......... y = np.uint16(989)
19:41:38.56 .......... y.shape = ()
19:41:38.56 .......... y.dtype = dtype('uint16')
19:41:38.56 .......... r = np.uint16(21)
19:41:38.56 .......... r.shape = ()
19:41:38.56 .......... r.dtype = dtype('uint16')
19:41:38.56 .......... points = []
19:41:38.56 .......... results = []
19:41:38.56 .......... img_color = array([[[255, 255, 255],
19:41:38.56                                [255, 255, 255],
19:41:38.56                                ...,
19:41:38.56                                [255, 255, 255],
19:41:38.56                                [255, 255, 255]],
19:41:38.56                        
19:41:38.56                               [[255, 255, 255],
19:41:38.56                                [255, 255, 255],
19:41:38.56                                ...,
19:41:38.56                                [255, 255, 255],
19:41:38.56                                [255, 255, 255]],
19:41:38.56                        
19:41:38.56                               ...,
19:41:38.56                        
19:41:38.56                               [[255, 255, 255],
19:41:38.56                                [255, 255, 255],
19:41:38.56                                ...,
19:41:38.56                                [255, 255, 255],
19:41:38.56                                [255, 255, 255]],
19:41:38.56                        
19:41:38.56                               [[255, 255, 255],
19:41:38.56                                [255, 255, 255],
19:41:38.56                                ...,
19:41:38.56                                [255, 255, 255],
19:41:38.56                                [255, 255, 255]]], shape=(1050, 1600, 3), dtype=uint8)
19:41:38.56 .......... img_color.shape = (1050, 1600, 3)
19:41:38.56 .......... img_color.dtype = dtype('uint8')
19:41:38.56 .......... q_num = 11
19:41:38.56 .......... row = [(np.uint16(241), np.uint16(239), np.uint16(19)), (np.uint16(563), np.uint16(238), np.uint16(19)), (np.uint16(1385), np.uint16(235), np.uint16(21))]
19:41:38.56 .......... len(row) = 3
19:41:38.56 .......... scores = []
19:41:38.56   99 |         for i, (x, y, r) in enumerate(row):
19:41:38.56 .............. x = np.uint16(241)
19:41:38.56 .............. y = np.uint16(239)
19:41:38.56 .............. r = np.uint16(19)
19:41:38.56 .............. i = 0
19:41:38.56  100 |             mask = np.zeros_like(thresh)
19:41:38.56 .................. mask = array([[0, 0, 0, ..., 0, 0, 0],
19:41:38.56                                  [0, 0, 0, ..., 0, 0, 0],
19:41:38.56                                  [0, 0, 0, ..., 0, 0, 0],
19:41:38.56                                  ...,
19:41:38.56                                  [0, 0, 0, ..., 0, 0, 0],
19:41:38.56                                  [0, 0, 0, ..., 0, 0, 0],
19:41:38.56                                  [0, 0, 0, ..., 0, 0, 0]], shape=(1050, 1600), dtype=uint8)
19:41:38.56 .................. mask.shape = (1050, 1600)
19:41:38.56 .................. mask.dtype = dtype('uint8')
19:41:38.56  101 |             cv2.circle(mask, (x, y), r-2, 255, -1)
19:41:38.57  102 |             total = cv2.countNonZero(mask)
19:41:38.57 .................. total = 901
19:41:38.57  103 |             filled = cv2.countNonZero(cv2.bitwise_and(thresh, thresh, mask=mask))
19:41:38.57 .................. filled = 91
19:41:38.57  104 |             ratio = filled / float(total)
19:41:38.58 .................. ratio = 0.10099889012208657
19:41:38.58  105 |             scores.append((ratio, i))
19:41:38.58 .................. scores = [(0.10099889012208657, 0)]
19:41:38.58 .................. len(scores) = 1
19:41:38.58   99 |         for i, (x, y, r) in enumerate(row):
19:41:38.58 .............. x = np.uint16(563)
19:41:38.58 .............. y = np.uint16(238)
19:41:38.58 .............. i = 1
19:41:38.58  100 |             mask = np.zeros_like(thresh)
19:41:38.58  101 |             cv2.circle(mask, (x, y), r-2, 255, -1)
19:41:38.59  102 |             total = cv2.countNonZero(mask)
19:41:38.59  103 |             filled = cv2.countNonZero(cv2.bitwise_and(thresh, thresh, mask=mask))
19:41:38.59 .................. filled = 886
19:41:38.59  104 |             ratio = filled / float(total)
19:41:38.60 .................. ratio = 0.9833518312985572
19:41:38.60  105 |             scores.append((ratio, i))
19:41:38.60 .................. scores = [(0.10099889012208657, 0), (0.9833518312985572, 1)]
19:41:38.60 .................. len(scores) = 2
19:41:38.60   99 |         for i, (x, y, r) in enumerate(row):
19:41:38.60 .............. x = np.uint16(1385)
19:41:38.60 .............. y = np.uint16(235)
19:41:38.60 .............. r = np.uint16(21)
19:41:38.60 .............. i = 2
19:41:38.60  100 |             mask = np.zeros_like(thresh)
19:41:38.60  101 |             cv2.circle(mask, (x, y), r-2, 255, -1)
19:41:38.61  102 |             total = cv2.countNonZero(mask)
19:41:38.61 .................. total = 1129
19:41:38.61  103 |             filled = cv2.countNonZero(cv2.bitwise_and(thresh, thresh, mask=mask))
19:41:38.61 .................. filled = 960
19:41:38.61  104 |             ratio = filled / float(total)
19:41:38.61 .................. ratio = 0.8503100088573959
19:41:38.61  105 |             scores.append((ratio, i))
19:41:38.62 .................. scores = [(0.10099889012208657, 0), (0.9833518312985572, 1), (0.8503100088573959, 2)]
19:41:38.62 .................. len(scores) = 3
19:41:38.62   99 |         for i, (x, y, r) in enumerate(row):
19:41:38.62  107 |         best_ratio, best_idx = max(scores, key=lambda t: t[0])
19:41:38.62 .............. best_ratio = 0.9833518312985572
19:41:38.62 .............. best_idx = 1
19:41:38.62  108 |         ic(scores)
19:41:38.69  110 |         chosen = OPTIONS[best_idx] if best_ratio >= FILL_THRESHOLD else '-'
19:41:38.69 .............. chosen = 'B'
19:41:38.69  112 |         results.append({
19:41:38.69  113 |             'Questão': q_num,
19:41:38.70  114 |             'Alternativa': chosen,
19:41:38.70  115 |             'Score': round(best_ratio, 2)
19:41:38.70  112 |         results.append({
19:41:38.71 .............. results = [{'Questão': 11, 'Alternativa': 'B', 'Score': 0.98}]
19:41:38.71 .............. len(results) = 1
19:41:38.71  117 |         ic(results)
19:41:38.77   98 |     with snoop:
19:41:38.78 <<< Exit with block in <module>
19:41:38.78 >>> Enter with block in <module> in File "/home/andvsilva/repo/porphyrio2025/AI/gabarito_answered/readpngcnt.py", line 98
19:41:38.78 .......... __name__ = '__main__'
19:41:38.78 .......... __doc__ = None
19:41:38.78 .......... __package__ = None
19:41:38.78 .......... __loader__ = <_frozen_importlib_external.SourceFileLoader object at 0x7b1857a1d7e0>
19:41:38.78 .......... __spec__ = None
19:41:38.78 .......... __annotations__ = {}
19:41:38.78 .......... __builtins__ = <module 'builtins' (built-in)>
19:41:38.78 .......... __file__ = '/home/andvsilva/repo/porphyrio2025/AI/gabarito_answered/readpngcnt.py'
19:41:38.78 .......... len(__file__) = 69
19:41:38.78 .......... __cached__ = None
19:41:38.78 .......... Path = <class 'pathlib.Path'>
19:41:38.78 .......... cv2 = <module 'cv2' from '/home/andvsilva/.local/lib/python3.10/site-packages/cv2/__init__.py'>
19:41:38.78 .......... np = <module 'numpy' from '/home/andvsilva/.local/lib/python3.10/site-packages/numpy/__init__.py'>
19:41:38.78 .......... np.shape = <function shape at 0x7b18555ac1f0>
19:41:38.78 .......... np.dtype = <class 'numpy.dtype'>
19:41:38.78 .......... os = <module 'os' from '/usr/lib/python3.10/os.py'>
19:41:38.78 .......... csv = <module 'csv' from '/usr/lib/python3.10/csv.py'>
19:41:38.78 .......... pd = <module 'pandas' from '/home/andvsilva/.local/lib/python3.10/site-packages/pandas/__init__.py'>
19:41:38.78 .......... ic = <icecream.icecream.IceCreamDebugger object at 0x7b183373afb0>
19:41:38.78 .......... snoop = <class 'snoop.configuration.Config.__init__.<locals>.ConfiguredTracer'>
19:41:38.78 .......... IMG_PATH = 'edf_cnt_gabarito.png'
19:41:38.78 .......... OUT_CSV = 'gabarito_CNT.csv'
19:41:38.78 .......... OUT_IMG = 'gabarito_final_CNT.png'
19:41:38.78 .......... FILL_THRESHOLD = 0.5
19:41:38.78 .......... K_COLUMNS = 2
19:41:38.78 .......... OPTIONS = ['A', 'B', 'C', 'D', 'E']
19:41:38.78 .......... len(OPTIONS) = 5
19:41:38.78 .......... img_path = PosixPath('edf_cnt_gabarito.png')
19:41:38.78 .......... gray = array([[255, 255, 255, ..., 255, 255, 255],
19:41:38.78                          [255, 255, 255, ..., 255, 255, 255],
19:41:38.78                          [255, 255, 255, ..., 255, 255, 255],
19:41:38.78                          ...,
19:41:38.78                          [255, 255, 255, ..., 255, 255, 255],
19:41:38.78                          [255, 255, 255, ..., 255, 255, 255],
19:41:38.78                          [255, 255, 255, ..., 255, 255, 255]],
19:41:38.78                         shape=(1050, 1600), dtype=uint8)
19:41:38.78 .......... gray.shape = (1050, 1600)
19:41:38.78 .......... gray.dtype = dtype('uint8')
19:41:38.78 .......... _ = 136.0
19:41:38.78 .......... thresh = array([[0, 0, 0, ..., 0, 0, 0],
19:41:38.78                            [0, 0, 0, ..., 0, 0, 0],
19:41:38.78                            [0, 0, 0, ..., 0, 0, 0],
19:41:38.78                            ...,
19:41:38.78                            [0, 0, 0, ..., 0, 0, 0],
19:41:38.78                            [0, 0, 0, ..., 0, 0, 0],
19:41:38.78                            [0, 0, 0, ..., 0, 0, 0]], shape=(1050, 1600), dtype=uint8)
19:41:38.78 .......... thresh.shape = (1050, 1600)
19:41:38.78 .......... thresh.dtype = dtype('uint8')
19:41:38.78 .......... circles = [array([659,  25,  19], dtype=uint16), array([1385,  235,   21], dtype=uint16), array([563, 238,  19], dtype=uint16), ..., array([1387,  985,   19], dtype=uint16), array([1489,  987,   19], dtype=uint16), array([143, 989,  21], dtype=uint16)]
19:41:38.78 .......... len(circles) = 39
19:41:38.78 .......... rows = 10
19:41:38.78 .......... current_row = [(np.uint16(247), np.uint16(985), np.uint16(19)), (np.uint16(565), np.uint16(985), np.uint16(19)), (np.uint16(1067), np.uint16(985), np.uint16(19)), (np.uint16(1387), np.uint16(985), np.uint16(19)), (np.uint16(1489), np.uint16(987), np.uint16(19)), (np.uint16(143), np.uint16(989), np.uint16(21))]
19:41:38.78 .......... len(current_row) = 6
19:41:38.78 .......... last_y = np.float64(987.5)
19:41:38.78 .......... last_y.shape = ()
19:41:38.78 .......... last_y.dtype = dtype('float64')
19:41:38.78 .......... tol = 5
19:41:38.78 .......... x = 1183
19:41:38.78 .......... y = 993
19:41:38.78 .......... r = np.uint16(21)
19:41:38.78 .......... r.shape = ()
19:41:38.78 .......... r.dtype = dtype('uint16')
19:41:38.78 .......... points = [(563, 238), (1385, 235)]
19:41:38.78 .......... len(points) = 2
19:41:38.78 .......... results = [{'Questão': 11, 'Alternativa': 'B', 'Score': 0.98}]
19:41:38.78 .......... len(results) = 1
19:41:38.78 .......... img_color = array([[[255, 255, 255],
19:41:38.78                                [255, 255, 255],
19:41:38.78                                ...,
19:41:38.78                                [255, 255, 255],
19:41:38.78                                [255, 255, 255]],
19:41:38.78                        
19:41:38.78                               [[255, 255, 255],
19:41:38.78                                [255, 255, 255],
19:41:38.78                                ...,
19:41:38.78                                [255, 255, 255],
19:41:38.78                                [255, 255, 255]],
19:41:38.78                        
19:41:38.78                               ...,
19:41:38.78                        
19:41:38.78                               [[255, 255, 255],
19:41:38.78                                [255, 255, 255],
19:41:38.78                                ...,
19:41:38.78                                [255, 255, 255],
19:41:38.78                                [255, 255, 255]],
19:41:38.78                        
19:41:38.78                               [[255, 255, 255],
19:41:38.78                                [255, 255, 255],
19:41:38.78                                ...,
19:41:38.78                                [255, 255, 255],
19:41:38.78                                [255, 255, 255]]], shape=(1050, 1600, 3), dtype=uint8)
19:41:38.78 .......... img_color.shape = (1050, 1600, 3)
19:41:38.78 .......... img_color.dtype = dtype('uint8')
19:41:38.78 .......... q_num = 12
19:41:38.78 .......... row = [(np.uint16(353), np.uint16(321), np.uint16(18)), (np.uint16(1069), np.uint16(321), np.uint16(19)), (np.uint16(1489), np.uint16(323), np.uint16(19))]
19:41:38.78 .......... len(row) = 3
19:41:38.78 .......... scores = []
19:41:38.78 .......... i = 2
19:41:38.78 .......... mask = array([[0, 0, 0, ..., 0, 0, 0],
19:41:38.78                          [0, 0, 0, ..., 0, 0, 0],
19:41:38.78                          [0, 0, 0, ..., 0, 0, 0],
19:41:38.78                          ...,
19:41:38.78                          [0, 0, 0, ..., 0, 0, 0],
19:41:38.78                          [0, 0, 0, ..., 0, 0, 0],
19:41:38.78                          [0, 0, 0, ..., 0, 0, 0]], shape=(1050, 1600), dtype=uint8)
19:41:38.78 .......... mask.shape = (1050, 1600)
19:41:38.78 .......... mask.dtype = dtype('uint8')
19:41:38.78 .......... total = 1129
19:41:38.78 .......... filled = 960
19:41:38.78 .......... ratio = 0.8503100088573959
19:41:38.78 .......... best_ratio = 0.9833518312985572
19:41:38.78 .......... best_idx = 1
19:41:38.78 .......... chosen = 'B'
19:41:38.78 .......... index = 2
19:41:38.78 .......... color = (0, 255, 255)
19:41:38.78 .......... len(color) = 3
19:41:38.78 .......... x_alt = 1289
19:41:38.78 .......... icon = 'E'
19:41:38.78 .......... start_point = (750, 741)
19:41:38.78 .......... len(start_point) = 2
19:41:38.78 .......... end_point = (1200, 741)
19:41:38.78 .......... len(end_point) = 2
19:41:38.78 .......... thickness = -1
19:41:38.78 .......... y_alt = 825
19:41:38.78 .......... q = 17
19:41:38.78 .......... cols = 5
19:41:38.78 .......... matrix1 = array([[(141, 237), (247, 237), (353, 237), (459, 237), (565, 237)],
19:41:38.78                             [(141, 321), (247, 321), (353, 321), (459, 321), (565, 321)],
19:41:38.78                             [(141, 405), (247, 405), (353, 405), (459, 405), (565, 405)],
19:41:38.78                             ...,
19:41:38.78                             [(141, 825), (247, 825), (353, 825), (459, 825), (565, 825)],
19:41:38.78                             [(141, 909), (247, 909), (353, 909), (459, 909), (565, 909)],
19:41:38.78                             [(141, 993), (247, 993), (353, 993), (459, 993), (565, 993)]],
19:41:38.78                            shape=(10, 5), dtype=object)
19:41:38.78 .......... matrix1.shape = (10, 5)
19:41:38.78 .......... matrix1.dtype = dtype('O')
19:41:38.78 .......... xcoor = 759
19:41:38.78 .......... ycoor = 1077
19:41:38.78 .......... matrix2 = array([[(759, 237), (865, 237), (971, 237), (1077, 237), (1183, 237)],
19:41:38.78                             [(759, 321), (865, 321), (971, 321), (1077, 321), (1183, 321)],
19:41:38.78                             [(759, 405), (865, 405), (971, 405), (1077, 405), (1183, 405)],
19:41:38.78                             ...,
19:41:38.78                             [(759, 825), (865, 825), (971, 825), (1077, 825), (1183, 825)],
19:41:38.78                             [(759, 909), (865, 909), (971, 909), (1077, 909), (1183, 909)],
19:41:38.78                             [(759, 993), (865, 993), (971, 993), (1077, 993), (1183, 993)]],
19:41:38.78                            shape=(10, 5), dtype=object)
19:41:38.78 .......... matrix2.shape = (10, 5)
19:41:38.78 .......... matrix2.dtype = dtype('O')
19:41:38.78 .......... radius = 5
19:41:38.78   99 |         for i, (x, y, r) in enumerate(row):
19:41:38.79 .............. x = np.uint16(353)
19:41:38.79 .............. x.shape = ()
19:41:38.79 .............. x.dtype = dtype('uint16')
19:41:38.79 .............. y = np.uint16(321)
19:41:38.79 .............. y.shape = ()
19:41:38.79 .............. y.dtype = dtype('uint16')
19:41:38.79 .............. r = np.uint16(18)
19:41:38.79 .............. i = 0
19:41:38.79  100 |             mask = np.zeros_like(thresh)
19:41:38.79  101 |             cv2.circle(mask, (x, y), r-2, 255, -1)
19:41:38.79  102 |             total = cv2.countNonZero(mask)
19:41:38.79 .................. total = 797
19:41:38.79  103 |             filled = cv2.countNonZero(cv2.bitwise_and(thresh, thresh, mask=mask))
19:41:38.80 .................. filled = 797
19:41:38.80  104 |             ratio = filled / float(total)
19:41:38.80 .................. ratio = 1.0
19:41:38.80  105 |             scores.append((ratio, i))
19:41:38.80 .................. scores = [(1.0, 0)]
19:41:38.80 .................. len(scores) = 1
19:41:38.80   99 |         for i, (x, y, r) in enumerate(row):
19:41:38.81 .............. x = np.uint16(1069)
19:41:38.81 .............. r = np.uint16(19)
19:41:38.81 .............. i = 1
19:41:38.81  100 |             mask = np.zeros_like(thresh)
19:41:38.81  101 |             cv2.circle(mask, (x, y), r-2, 255, -1)
19:41:38.81  102 |             total = cv2.countNonZero(mask)
19:41:38.82 .................. total = 901
19:41:38.82  103 |             filled = cv2.countNonZero(cv2.bitwise_and(thresh, thresh, mask=mask))
19:41:38.82 .................. filled = 877
19:41:38.82  104 |             ratio = filled / float(total)
19:41:38.82 .................. ratio = 0.9733629300776915
19:41:38.82  105 |             scores.append((ratio, i))
19:41:38.83 .................. scores = [(1.0, 0), (0.9733629300776915, 1)]
19:41:38.83 .................. len(scores) = 2
19:41:38.83   99 |         for i, (x, y, r) in enumerate(row):
19:41:38.83 .............. x = np.uint16(1489)
19:41:38.83 .............. y = np.uint16(323)
19:41:38.83 .............. i = 2
19:41:38.83  100 |             mask = np.zeros_like(thresh)
19:41:38.83  101 |             cv2.circle(mask, (x, y), r-2, 255, -1)
19:41:38.84  102 |             total = cv2.countNonZero(mask)
19:41:38.84  103 |             filled = cv2.countNonZero(cv2.bitwise_and(thresh, thresh, mask=mask))
19:41:38.84 .................. filled = 101
19:41:38.84  104 |             ratio = filled / float(total)
19:41:38.85 .................. ratio = 0.1120976692563818
19:41:38.85  105 |             scores.append((ratio, i))
19:41:38.85 .................. scores = [(1.0, 0), (0.9733629300776915, 1), (0.1120976692563818, 2)]
19:41:38.85 .................. len(scores) = 3
19:41:38.85   99 |         for i, (x, y, r) in enumerate(row):
19:41:38.85  107 |         best_ratio, best_idx = max(scores, key=lambda t: t[0])
19:41:38.86 .............. best_ratio = 1.0
19:41:38.86 .............. best_idx = 0
19:41:38.86  108 |         ic(scores)
19:41:38.86  110 |         chosen = OPTIONS[best_idx] if best_ratio >= FILL_THRESHOLD else '-'
19:41:38.86 .............. chosen = 'A'
19:41:38.86  112 |         results.append({
19:41:38.87  113 |             'Questão': q_num,
19:41:38.87  114 |             'Alternativa': chosen,
19:41:38.87  115 |             'Score': round(best_ratio, 2)
19:41:38.88  112 |         results.append({
19:41:38.88 .............. results = [{'Questão': 11, 'Alternativa': 'B', 'Score': 0.98}, {'Questão': 12, 'Alternativa': 'A', 'Score': 1.0}]
19:41:38.88 .............. len(results) = 2
19:41:38.88  117 |         ic(results)
19:41:38.88   98 |     with snoop:
19:41:38.89 <<< Exit with block in <module>
19:41:38.89 >>> Enter with block in <module> in File "/home/andvsilva/repo/porphyrio2025/AI/gabarito_answered/readpngcnt.py", line 98
19:41:38.89 .......... __name__ = '__main__'
19:41:38.89 .......... __doc__ = None
19:41:38.89 .......... __package__ = None
19:41:38.89 .......... __loader__ = <_frozen_importlib_external.SourceFileLoader object at 0x7b1857a1d7e0>
19:41:38.89 .......... __spec__ = None
19:41:38.89 .......... __annotations__ = {}
19:41:38.89 .......... __builtins__ = <module 'builtins' (built-in)>
19:41:38.89 .......... __file__ = '/home/andvsilva/repo/porphyrio2025/AI/gabarito_answered/readpngcnt.py'
19:41:38.89 .......... len(__file__) = 69
19:41:38.89 .......... __cached__ = None
19:41:38.89 .......... Path = <class 'pathlib.Path'>
19:41:38.89 .......... cv2 = <module 'cv2' from '/home/andvsilva/.local/lib/python3.10/site-packages/cv2/__init__.py'>
19:41:38.89 .......... np = <module 'numpy' from '/home/andvsilva/.local/lib/python3.10/site-packages/numpy/__init__.py'>
19:41:38.89 .......... np.shape = <function shape at 0x7b18555ac1f0>
19:41:38.89 .......... np.dtype = <class 'numpy.dtype'>
19:41:38.89 .......... os = <module 'os' from '/usr/lib/python3.10/os.py'>
19:41:38.89 .......... csv = <module 'csv' from '/usr/lib/python3.10/csv.py'>
19:41:38.89 .......... pd = <module 'pandas' from '/home/andvsilva/.local/lib/python3.10/site-packages/pandas/__init__.py'>
19:41:38.89 .......... ic = <icecream.icecream.IceCreamDebugger object at 0x7b183373afb0>
19:41:38.89 .......... snoop = <class 'snoop.configuration.Config.__init__.<locals>.ConfiguredTracer'>
19:41:38.89 .......... IMG_PATH = 'edf_cnt_gabarito.png'
19:41:38.89 .......... OUT_CSV = 'gabarito_CNT.csv'
19:41:38.89 .......... OUT_IMG = 'gabarito_final_CNT.png'
19:41:38.89 .......... FILL_THRESHOLD = 0.5
19:41:38.89 .......... K_COLUMNS = 2
19:41:38.89 .......... OPTIONS = ['A', 'B', 'C', 'D', 'E']
19:41:38.89 .......... len(OPTIONS) = 5
19:41:38.89 .......... img_path = PosixPath('edf_cnt_gabarito.png')
19:41:38.89 .......... gray = array([[255, 255, 255, ..., 255, 255, 255],
19:41:38.89                          [255, 255, 255, ..., 255, 255, 255],
19:41:38.89                          [255, 255, 255, ..., 255, 255, 255],
19:41:38.89                          ...,
19:41:38.89                          [255, 255, 255, ..., 255, 255, 255],
19:41:38.89                          [255, 255, 255, ..., 255, 255, 255],
19:41:38.89                          [255, 255, 255, ..., 255, 255, 255]],
19:41:38.89                         shape=(1050, 1600), dtype=uint8)
19:41:38.89 .......... gray.shape = (1050, 1600)
19:41:38.89 .......... gray.dtype = dtype('uint8')
19:41:38.89 .......... _ = 136.0
19:41:38.89 .......... thresh = array([[0, 0, 0, ..., 0, 0, 0],
19:41:38.89                            [0, 0, 0, ..., 0, 0, 0],
19:41:38.89                            [0, 0, 0, ..., 0, 0, 0],
19:41:38.89                            ...,
19:41:38.89                            [0, 0, 0, ..., 0, 0, 0],
19:41:38.89                            [0, 0, 0, ..., 0, 0, 0],
19:41:38.89                            [0, 0, 0, ..., 0, 0, 0]], shape=(1050, 1600), dtype=uint8)
19:41:38.89 .......... thresh.shape = (1050, 1600)
19:41:38.89 .......... thresh.dtype = dtype('uint8')
19:41:38.89 .......... circles = [array([659,  25,  19], dtype=uint16), array([1385,  235,   21], dtype=uint16), array([563, 238,  19], dtype=uint16), ..., array([1387,  985,   19], dtype=uint16), array([1489,  987,   19], dtype=uint16), array([143, 989,  21], dtype=uint16)]
19:41:38.89 .......... len(circles) = 39
19:41:38.89 .......... rows = 10
19:41:38.89 .......... current_row = [(np.uint16(247), np.uint16(985), np.uint16(19)), (np.uint16(565), np.uint16(985), np.uint16(19)), (np.uint16(1067), np.uint16(985), np.uint16(19)), (np.uint16(1387), np.uint16(985), np.uint16(19)), (np.uint16(1489), np.uint16(987), np.uint16(19)), (np.uint16(143), np.uint16(989), np.uint16(21))]
19:41:38.89 .......... len(current_row) = 6
19:41:38.89 .......... last_y = np.float64(987.5)
19:41:38.89 .......... last_y.shape = ()
19:41:38.89 .......... last_y.dtype = dtype('float64')
19:41:38.89 .......... tol = 5
19:41:38.89 .......... x = 1183
19:41:38.89 .......... y = 993
19:41:38.89 .......... r = np.uint16(19)
19:41:38.89 .......... r.shape = ()
19:41:38.89 .......... r.dtype = dtype('uint16')
19:41:38.89 .......... points = [(563, 238), (1385, 235), (353, 321), (1069, 321)]
19:41:38.89 .......... len(points) = 4
19:41:38.89 .......... results = [{'Questão': 11, 'Alternativa': 'B', 'Score': 0.98}, {'Questão': 12, 'Alternativa': 'A', 'Score': 1.0}]
19:41:38.89 .......... len(results) = 2
19:41:38.89 .......... img_color = array([[[255, 255, 255],
19:41:38.89                                [255, 255, 255],
19:41:38.89                                ...,
19:41:38.89                                [255, 255, 255],
19:41:38.89                                [255, 255, 255]],
19:41:38.89                        
19:41:38.89                               [[255, 255, 255],
19:41:38.89                                [255, 255, 255],
19:41:38.89                                ...,
19:41:38.89                                [255, 255, 255],
19:41:38.89                                [255, 255, 255]],
19:41:38.89                        
19:41:38.89                               ...,
19:41:38.89                        
19:41:38.89                               [[255, 255, 255],
19:41:38.89                                [255, 255, 255],
19:41:38.89                                ...,
19:41:38.89                                [255, 255, 255],
19:41:38.89                                [255, 255, 255]],
19:41:38.89                        
19:41:38.89                               [[255, 255, 255],
19:41:38.89                                [255, 255, 255],
19:41:38.89                                ...,
19:41:38.89                                [255, 255, 255],
19:41:38.89                                [255, 255, 255]]], shape=(1050, 1600, 3), dtype=uint8)
19:41:38.89 .......... img_color.shape = (1050, 1600, 3)
19:41:38.89 .......... img_color.dtype = dtype('uint8')
19:41:38.89 .......... q_num = 13
19:41:38.89 .......... row = [(np.uint16(143), np.uint16(403), np.uint16(20)), (np.uint16(1063), np.uint16(407), np.uint16(19)), (np.uint16(1279), np.uint16(405), np.uint16(19))]
19:41:38.89 .......... len(row) = 3
19:41:38.89 .......... scores = []
19:41:38.89 .......... i = 2
19:41:38.89 .......... mask = array([[0, 0, 0, ..., 0, 0, 0],
19:41:38.89                          [0, 0, 0, ..., 0, 0, 0],
19:41:38.89                          [0, 0, 0, ..., 0, 0, 0],
19:41:38.89                          ...,
19:41:38.89                          [0, 0, 0, ..., 0, 0, 0],
19:41:38.89                          [0, 0, 0, ..., 0, 0, 0],
19:41:38.89                          [0, 0, 0, ..., 0, 0, 0]], shape=(1050, 1600), dtype=uint8)
19:41:38.89 .......... mask.shape = (1050, 1600)
19:41:38.89 .......... mask.dtype = dtype('uint8')
19:41:38.89 .......... total = 901
19:41:38.89 .......... filled = 101
19:41:38.89 .......... ratio = 0.1120976692563818
19:41:38.89 .......... best_ratio = 1.0
19:41:38.89 .......... best_idx = 0
19:41:38.89 .......... chosen = 'A'
19:41:38.89 .......... index = 2
19:41:38.89 .......... color = (0, 255, 255)
19:41:38.89 .......... len(color) = 3
19:41:38.89 .......... x_alt = 1289
19:41:38.89 .......... icon = 'E'
19:41:38.89 .......... start_point = (750, 741)
19:41:38.89 .......... len(start_point) = 2
19:41:38.89 .......... end_point = (1200, 741)
19:41:38.89 .......... len(end_point) = 2
19:41:38.89 .......... thickness = -1
19:41:38.89 .......... y_alt = 825
19:41:38.89 .......... q = 17
19:41:38.89 .......... cols = 5
19:41:38.89 .......... matrix1 = array([[(141, 237), (247, 237), (353, 237), (459, 237), (565, 237)],
19:41:38.89                             [(141, 321), (247, 321), (353, 321), (459, 321), (565, 321)],
19:41:38.89                             [(141, 405), (247, 405), (353, 405), (459, 405), (565, 405)],
19:41:38.89                             ...,
19:41:38.89                             [(141, 825), (247, 825), (353, 825), (459, 825), (565, 825)],
19:41:38.89                             [(141, 909), (247, 909), (353, 909), (459, 909), (565, 909)],
19:41:38.89                             [(141, 993), (247, 993), (353, 993), (459, 993), (565, 993)]],
19:41:38.89                            shape=(10, 5), dtype=object)
19:41:38.89 .......... matrix1.shape = (10, 5)
19:41:38.89 .......... matrix1.dtype = dtype('O')
19:41:38.89 .......... xcoor = 759
19:41:38.89 .......... ycoor = 1077
19:41:38.89 .......... matrix2 = array([[(759, 237), (865, 237), (971, 237), (1077, 237), (1183, 237)],
19:41:38.89                             [(759, 321), (865, 321), (971, 321), (1077, 321), (1183, 321)],
19:41:38.89                             [(759, 405), (865, 405), (971, 405), (1077, 405), (1183, 405)],
19:41:38.89                             ...,
19:41:38.89                             [(759, 825), (865, 825), (971, 825), (1077, 825), (1183, 825)],
19:41:38.89                             [(759, 909), (865, 909), (971, 909), (1077, 909), (1183, 909)],
19:41:38.89                             [(759, 993), (865, 993), (971, 993), (1077, 993), (1183, 993)]],
19:41:38.89                            shape=(10, 5), dtype=object)
19:41:38.89 .......... matrix2.shape = (10, 5)
19:41:38.89 .......... matrix2.dtype = dtype('O')
19:41:38.89 .......... radius = 5
19:41:38.89   99 |         for i, (x, y, r) in enumerate(row):
19:41:38.90 .............. x = np.uint16(143)
19:41:38.90 .............. x.shape = ()
19:41:38.90 .............. x.dtype = dtype('uint16')
19:41:38.90 .............. y = np.uint16(403)
19:41:38.90 .............. y.shape = ()
19:41:38.90 .............. y.dtype = dtype('uint16')
19:41:38.90 .............. r = np.uint16(20)
19:41:38.90 .............. i = 0
19:41:38.90  100 |             mask = np.zeros_like(thresh)
19:41:38.90  101 |             cv2.circle(mask, (x, y), r-2, 255, -1)
19:41:38.90  102 |             total = cv2.countNonZero(mask)
19:41:38.91 .................. total = 1009
19:41:38.91  103 |             filled = cv2.countNonZero(cv2.bitwise_and(thresh, thresh, mask=mask))
19:41:38.91 .................. filled = 914
19:41:38.91  104 |             ratio = filled / float(total)
19:41:38.91 .................. ratio = 0.9058473736372646
19:41:38.91  105 |             scores.append((ratio, i))
19:41:38.92 .................. scores = [(0.9058473736372646, 0)]
19:41:38.92 .................. len(scores) = 1
19:41:38.92   99 |         for i, (x, y, r) in enumerate(row):
19:41:38.92 .............. x = np.uint16(1063)
19:41:38.92 .............. y = np.uint16(407)
19:41:38.92 .............. r = np.uint16(19)
19:41:38.92 .............. i = 1
19:41:38.92  100 |             mask = np.zeros_like(thresh)
19:41:38.92  101 |             cv2.circle(mask, (x, y), r-2, 255, -1)
19:41:38.92  102 |             total = cv2.countNonZero(mask)
19:41:38.93 .................. total = 901
19:41:38.93  103 |             filled = cv2.countNonZero(cv2.bitwise_and(thresh, thresh, mask=mask))
19:41:38.93 .................. filled = 92
19:41:38.93  104 |             ratio = filled / float(total)
19:41:38.93 .................. ratio = 0.10210876803551609
19:41:38.93  105 |             scores.append((ratio, i))
19:41:38.94 .................. scores = [(0.9058473736372646, 0), (0.10210876803551609, 1)]
19:41:38.94 .................. len(scores) = 2
19:41:38.94   99 |         for i, (x, y, r) in enumerate(row):
19:41:38.94 .............. x = np.uint16(1279)
19:41:38.94 .............. y = np.uint16(405)
19:41:38.94 .............. i = 2
19:41:38.94  100 |             mask = np.zeros_like(thresh)
19:41:38.94  101 |             cv2.circle(mask, (x, y), r-2, 255, -1)
19:41:38.95  102 |             total = cv2.countNonZero(mask)
19:41:38.95  103 |             filled = cv2.countNonZero(cv2.bitwise_and(thresh, thresh, mask=mask))
19:41:38.95 .................. filled = 901
19:41:38.95  104 |             ratio = filled / float(total)
19:41:38.96 .................. ratio = 1.0
19:41:38.96  105 |             scores.append((ratio, i))
19:41:38.96 .................. scores = [(0.9058473736372646, 0), (0.10210876803551609, 1), (1.0, 2)]
19:41:38.96 .................. len(scores) = 3
19:41:38.96   99 |         for i, (x, y, r) in enumerate(row):
19:41:38.96  107 |         best_ratio, best_idx = max(scores, key=lambda t: t[0])
19:41:38.97 .............. best_idx = 2
19:41:38.97  108 |         ic(scores)
19:41:38.97  110 |         chosen = OPTIONS[best_idx] if best_ratio >= FILL_THRESHOLD else '-'
19:41:38.97 .............. chosen = 'C'
19:41:38.97  112 |         results.append({
19:41:38.98  113 |             'Questão': q_num,
19:41:38.98  114 |             'Alternativa': chosen,
19:41:38.98  115 |             'Score': round(best_ratio, 2)
19:41:38.99  112 |         results.append({
19:41:38.99 .............. results = [{'Questão': 11, 'Alternativa': 'B', 'Score': 0.98}, {'Questão': 12, 'Alternativa': 'A', 'Score': 1.0}, {'Questão': 13, 'Alternativa': 'C', 'Score': 1.0}]
19:41:38.99 .............. len(results) = 3
19:41:38.99  117 |         ic(results)
19:41:38.99   98 |     with snoop:
19:41:39.00 <<< Exit with block in <module>
19:41:39.00 >>> Enter with block in <module> in File "/home/andvsilva/repo/porphyrio2025/AI/gabarito_answered/readpngcnt.py", line 98
19:41:39.00 .......... __name__ = '__main__'
19:41:39.00 .......... __doc__ = None
19:41:39.00 .......... __package__ = None
19:41:39.00 .......... __loader__ = <_frozen_importlib_external.SourceFileLoader object at 0x7b1857a1d7e0>
19:41:39.00 .......... __spec__ = None
19:41:39.00 .......... __annotations__ = {}
19:41:39.00 .......... __builtins__ = <module 'builtins' (built-in)>
19:41:39.00 .......... __file__ = '/home/andvsilva/repo/porphyrio2025/AI/gabarito_answered/readpngcnt.py'
19:41:39.00 .......... len(__file__) = 69
19:41:39.00 .......... __cached__ = None
19:41:39.00 .......... Path = <class 'pathlib.Path'>
19:41:39.00 .......... cv2 = <module 'cv2' from '/home/andvsilva/.local/lib/python3.10/site-packages/cv2/__init__.py'>
19:41:39.00 .......... np = <module 'numpy' from '/home/andvsilva/.local/lib/python3.10/site-packages/numpy/__init__.py'>
19:41:39.00 .......... np.shape = <function shape at 0x7b18555ac1f0>
19:41:39.00 .......... np.dtype = <class 'numpy.dtype'>
19:41:39.00 .......... os = <module 'os' from '/usr/lib/python3.10/os.py'>
19:41:39.00 .......... csv = <module 'csv' from '/usr/lib/python3.10/csv.py'>
19:41:39.00 .......... pd = <module 'pandas' from '/home/andvsilva/.local/lib/python3.10/site-packages/pandas/__init__.py'>
19:41:39.00 .......... ic = <icecream.icecream.IceCreamDebugger object at 0x7b183373afb0>
19:41:39.00 .......... snoop = <class 'snoop.configuration.Config.__init__.<locals>.ConfiguredTracer'>
19:41:39.00 .......... IMG_PATH = 'edf_cnt_gabarito.png'
19:41:39.00 .......... OUT_CSV = 'gabarito_CNT.csv'
19:41:39.00 .......... OUT_IMG = 'gabarito_final_CNT.png'
19:41:39.00 .......... FILL_THRESHOLD = 0.5
19:41:39.00 .......... K_COLUMNS = 2
19:41:39.00 .......... OPTIONS = ['A', 'B', 'C', 'D', 'E']
19:41:39.00 .......... len(OPTIONS) = 5
19:41:39.00 .......... img_path = PosixPath('edf_cnt_gabarito.png')
19:41:39.00 .......... gray = array([[255, 255, 255, ..., 255, 255, 255],
19:41:39.00                          [255, 255, 255, ..., 255, 255, 255],
19:41:39.00                          [255, 255, 255, ..., 255, 255, 255],
19:41:39.00                          ...,
19:41:39.00                          [255, 255, 255, ..., 255, 255, 255],
19:41:39.00                          [255, 255, 255, ..., 255, 255, 255],
19:41:39.00                          [255, 255, 255, ..., 255, 255, 255]],
19:41:39.00                         shape=(1050, 1600), dtype=uint8)
19:41:39.00 .......... gray.shape = (1050, 1600)
19:41:39.00 .......... gray.dtype = dtype('uint8')
19:41:39.00 .......... _ = 136.0
19:41:39.00 .......... thresh = array([[0, 0, 0, ..., 0, 0, 0],
19:41:39.00                            [0, 0, 0, ..., 0, 0, 0],
19:41:39.00                            [0, 0, 0, ..., 0, 0, 0],
19:41:39.00                            ...,
19:41:39.00                            [0, 0, 0, ..., 0, 0, 0],
19:41:39.00                            [0, 0, 0, ..., 0, 0, 0],
19:41:39.00                            [0, 0, 0, ..., 0, 0, 0]], shape=(1050, 1600), dtype=uint8)
19:41:39.00 .......... thresh.shape = (1050, 1600)
19:41:39.00 .......... thresh.dtype = dtype('uint8')
19:41:39.00 .......... circles = [array([659,  25,  19], dtype=uint16), array([1385,  235,   21], dtype=uint16), array([563, 238,  19], dtype=uint16), ..., array([1387,  985,   19], dtype=uint16), array([1489,  987,   19], dtype=uint16), array([143, 989,  21], dtype=uint16)]
19:41:39.00 .......... len(circles) = 39
19:41:39.00 .......... rows = 10
19:41:39.00 .......... current_row = [(np.uint16(247), np.uint16(985), np.uint16(19)), (np.uint16(565), np.uint16(985), np.uint16(19)), (np.uint16(1067), np.uint16(985), np.uint16(19)), (np.uint16(1387), np.uint16(985), np.uint16(19)), (np.uint16(1489), np.uint16(987), np.uint16(19)), (np.uint16(143), np.uint16(989), np.uint16(21))]
19:41:39.00 .......... len(current_row) = 6
19:41:39.00 .......... last_y = np.float64(987.5)
19:41:39.00 .......... last_y.shape = ()
19:41:39.00 .......... last_y.dtype = dtype('float64')
19:41:39.00 .......... tol = 5
19:41:39.00 .......... x = 1183
19:41:39.00 .......... y = 993
19:41:39.00 .......... r = np.uint16(19)
19:41:39.00 .......... r.shape = ()
19:41:39.00 .......... r.dtype = dtype('uint16')
19:41:39.00 .......... points = [(563, 238), (1385, 235), (353, 321), (1069, 321), (143, 403), (1279, 405)]
19:41:39.00 .......... len(points) = 6
19:41:39.00 .......... results = [{'Questão': 11, 'Alternativa': 'B', 'Score': 0.98}, {'Questão': 12, 'Alternativa': 'A', 'Score': 1.0}, {'Questão': 13, 'Alternativa': 'C', 'Score': 1.0}]
19:41:39.00 .......... len(results) = 3
19:41:39.00 .......... img_color = array([[[255, 255, 255],
19:41:39.00                                [255, 255, 255],
19:41:39.00                                ...,
19:41:39.00                                [255, 255, 255],
19:41:39.00                                [255, 255, 255]],
19:41:39.00                        
19:41:39.00                               [[255, 255, 255],
19:41:39.00                                [255, 255, 255],
19:41:39.00                                ...,
19:41:39.00                                [255, 255, 255],
19:41:39.00                                [255, 255, 255]],
19:41:39.00                        
19:41:39.00                               ...,
19:41:39.00                        
19:41:39.00                               [[255, 255, 255],
19:41:39.00                                [255, 255, 255],
19:41:39.00                                ...,
19:41:39.00                                [255, 255, 255],
19:41:39.00                                [255, 255, 255]],
19:41:39.00                        
19:41:39.00                               [[255, 255, 255],
19:41:39.00                                [255, 255, 255],
19:41:39.00                                ...,
19:41:39.00                                [255, 255, 255],
19:41:39.00                                [255, 255, 255]]], shape=(1050, 1600, 3), dtype=uint8)
19:41:39.00 .......... img_color.shape = (1050, 1600, 3)
19:41:39.00 .......... img_color.dtype = dtype('uint8')
19:41:39.00 .......... q_num = 14
19:41:39.00 .......... row = [(np.uint16(458), np.uint16(488), np.uint16(18)), (np.uint16(565), np.uint16(487), np.uint16(19)), (np.uint16(1067), np.uint16(491), np.uint16(20)), (np.uint16(1173), np.uint16(487), np.uint16(19))]
19:41:39.00 .......... len(row) = 4
19:41:39.00 .......... scores = []
19:41:39.00 .......... i = 2
19:41:39.00 .......... mask = array([[0, 0, 0, ..., 0, 0, 0],
19:41:39.00                          [0, 0, 0, ..., 0, 0, 0],
19:41:39.00                          [0, 0, 0, ..., 0, 0, 0],
19:41:39.00                          ...,
19:41:39.00                          [0, 0, 0, ..., 0, 0, 0],
19:41:39.00                          [0, 0, 0, ..., 0, 0, 0],
19:41:39.00                          [0, 0, 0, ..., 0, 0, 0]], shape=(1050, 1600), dtype=uint8)
19:41:39.00 .......... mask.shape = (1050, 1600)
19:41:39.00 .......... mask.dtype = dtype('uint8')
19:41:39.00 .......... total = 901
19:41:39.00 .......... filled = 901
19:41:39.00 .......... ratio = 1.0
19:41:39.00 .......... best_ratio = 1.0
19:41:39.00 .......... best_idx = 2
19:41:39.00 .......... chosen = 'C'
19:41:39.00 .......... index = 2
19:41:39.00 .......... color = (0, 255, 255)
19:41:39.00 .......... len(color) = 3
19:41:39.00 .......... x_alt = 1289
19:41:39.00 .......... icon = 'E'
19:41:39.00 .......... start_point = (750, 741)
19:41:39.00 .......... len(start_point) = 2
19:41:39.00 .......... end_point = (1200, 741)
19:41:39.00 .......... len(end_point) = 2
19:41:39.00 .......... thickness = -1
19:41:39.00 .......... y_alt = 825
19:41:39.00 .......... q = 17
19:41:39.00 .......... cols = 5
19:41:39.00 .......... matrix1 = array([[(141, 237), (247, 237), (353, 237), (459, 237), (565, 237)],
19:41:39.00                             [(141, 321), (247, 321), (353, 321), (459, 321), (565, 321)],
19:41:39.00                             [(141, 405), (247, 405), (353, 405), (459, 405), (565, 405)],
19:41:39.00                             ...,
19:41:39.00                             [(141, 825), (247, 825), (353, 825), (459, 825), (565, 825)],
19:41:39.00                             [(141, 909), (247, 909), (353, 909), (459, 909), (565, 909)],
19:41:39.00                             [(141, 993), (247, 993), (353, 993), (459, 993), (565, 993)]],
19:41:39.00                            shape=(10, 5), dtype=object)
19:41:39.00 .......... matrix1.shape = (10, 5)
19:41:39.00 .......... matrix1.dtype = dtype('O')
19:41:39.00 .......... xcoor = 759
19:41:39.00 .......... ycoor = 1077
19:41:39.00 .......... matrix2 = array([[(759, 237), (865, 237), (971, 237), (1077, 237), (1183, 237)],
19:41:39.00                             [(759, 321), (865, 321), (971, 321), (1077, 321), (1183, 321)],
19:41:39.00                             [(759, 405), (865, 405), (971, 405), (1077, 405), (1183, 405)],
19:41:39.00                             ...,
19:41:39.00                             [(759, 825), (865, 825), (971, 825), (1077, 825), (1183, 825)],
19:41:39.00                             [(759, 909), (865, 909), (971, 909), (1077, 909), (1183, 909)],
19:41:39.00                             [(759, 993), (865, 993), (971, 993), (1077, 993), (1183, 993)]],
19:41:39.00                            shape=(10, 5), dtype=object)
19:41:39.00 .......... matrix2.shape = (10, 5)
19:41:39.00 .......... matrix2.dtype = dtype('O')
19:41:39.00 .......... radius = 5
19:41:39.00   99 |         for i, (x, y, r) in enumerate(row):
19:41:39.01 .............. x = np.uint16(458)
19:41:39.01 .............. x.shape = ()
19:41:39.01 .............. x.dtype = dtype('uint16')
19:41:39.01 .............. y = np.uint16(488)
19:41:39.01 .............. y.shape = ()
19:41:39.01 .............. y.dtype = dtype('uint16')
19:41:39.01 .............. r = np.uint16(18)
19:41:39.01 .............. i = 0
19:41:39.01  100 |             mask = np.zeros_like(thresh)
19:41:39.01  101 |             cv2.circle(mask, (x, y), r-2, 255, -1)
19:41:39.01  102 |             total = cv2.countNonZero(mask)
19:41:39.02 .................. total = 797
19:41:39.02  103 |             filled = cv2.countNonZero(cv2.bitwise_and(thresh, thresh, mask=mask))
19:41:39.02 .................. filled = 797
19:41:39.02  104 |             ratio = filled / float(total)
19:41:39.02  105 |             scores.append((ratio, i))
19:41:39.03 .................. scores = [(1.0, 0)]
19:41:39.03 .................. len(scores) = 1
19:41:39.03   99 |         for i, (x, y, r) in enumerate(row):
19:41:39.03 .............. x = np.uint16(565)
19:41:39.03 .............. y = np.uint16(487)
19:41:39.03 .............. r = np.uint16(19)
19:41:39.03 .............. i = 1
19:41:39.03  100 |             mask = np.zeros_like(thresh)
19:41:39.03  101 |             cv2.circle(mask, (x, y), r-2, 255, -1)
19:41:39.04  102 |             total = cv2.countNonZero(mask)
19:41:39.04 .................. total = 901
19:41:39.04  103 |             filled = cv2.countNonZero(cv2.bitwise_and(thresh, thresh, mask=mask))
19:41:39.04 .................. filled = 111
19:41:39.04  104 |             ratio = filled / float(total)
19:41:39.05 .................. ratio = 0.12319644839067703
19:41:39.05  105 |             scores.append((ratio, i))
19:41:39.05 .................. scores = [(1.0, 0), (0.12319644839067703, 1)]
19:41:39.05 .................. len(scores) = 2
19:41:39.05   99 |         for i, (x, y, r) in enumerate(row):
19:41:39.05 .............. x = np.uint16(1067)
19:41:39.05 .............. y = np.uint16(491)
19:41:39.05 .............. r = np.uint16(20)
19:41:39.05 .............. i = 2
19:41:39.05  100 |             mask = np.zeros_like(thresh)
19:41:39.06  101 |             cv2.circle(mask, (x, y), r-2, 255, -1)
19:41:39.06  102 |             total = cv2.countNonZero(mask)
19:41:39.06 .................. total = 1009
19:41:39.06  103 |             filled = cv2.countNonZero(cv2.bitwise_and(thresh, thresh, mask=mask))
19:41:39.07 .................. filled = 131
19:41:39.07  104 |             ratio = filled / float(total)
19:41:39.07 .................. ratio = 0.12983151635282458
19:41:39.07  105 |             scores.append((ratio, i))
19:41:39.07 .................. scores = [(1.0, 0), (0.12319644839067703, 1), (0.12983151635282458, 2)]
19:41:39.07 .................. len(scores) = 3
19:41:39.07   99 |         for i, (x, y, r) in enumerate(row):
19:41:39.07 .............. x = np.uint16(1173)
19:41:39.07 .............. y = np.uint16(487)
19:41:39.07 .............. r = np.uint16(19)
19:41:39.07 .............. i = 3
19:41:39.07  100 |             mask = np.zeros_like(thresh)
19:41:39.08  101 |             cv2.circle(mask, (x, y), r-2, 255, -1)
19:41:39.08  102 |             total = cv2.countNonZero(mask)
19:41:39.08 .................. total = 901
19:41:39.08  103 |             filled = cv2.countNonZero(cv2.bitwise_and(thresh, thresh, mask=mask))
19:41:39.09 .................. filled = 898
19:41:39.09  104 |             ratio = filled / float(total)
19:41:39.09 .................. ratio = 0.9966703662597114
19:41:39.09  105 |             scores.append((ratio, i))
19:41:39.09 .................. scores = [(1.0, 0), (0.12319644839067703, 1), (0.12983151635282458, 2), (0.9966703662597114, 3)]
19:41:39.09 .................. len(scores) = 4
19:41:39.09   99 |         for i, (x, y, r) in enumerate(row):
19:41:39.10  107 |         best_ratio, best_idx = max(scores, key=lambda t: t[0])
19:41:39.10 .............. best_idx = 0
19:41:39.10  108 |         ic(scores)
19:41:39.10  110 |         chosen = OPTIONS[best_idx] if best_ratio >= FILL_THRESHOLD else '-'
19:41:39.11 .............. chosen = 'A'
19:41:39.11  112 |         results.append({
19:41:39.11  113 |             'Questão': q_num,
19:41:39.11  114 |             'Alternativa': chosen,
19:41:39.12  115 |             'Score': round(best_ratio, 2)
19:41:39.12  112 |         results.append({
19:41:39.12 .............. results = [{'Questão': 11, 'Alternativa': 'B', 'Score': 0.98}, {'Questão': 12, 'Alternativa': 'A', 'Score': 1.0}, {'Questão': 13, 'Alternativa': 'C', 'Score': 1.0}, {'Questão': 14, 'Alternativa': 'A', 'Score': 1.0}]
19:41:39.12 .............. len(results) = 4
19:41:39.12  117 |         ic(results)
19:41:39.13   98 |     with snoop:
19:41:39.13 <<< Exit with block in <module>
19:41:39.14 >>> Enter with block in <module> in File "/home/andvsilva/repo/porphyrio2025/AI/gabarito_answered/readpngcnt.py", line 98
19:41:39.14 .......... __name__ = '__main__'
19:41:39.14 .......... __doc__ = None
19:41:39.14 .......... __package__ = None
19:41:39.14 .......... __loader__ = <_frozen_importlib_external.SourceFileLoader object at 0x7b1857a1d7e0>
19:41:39.14 .......... __spec__ = None
19:41:39.14 .......... __annotations__ = {}
19:41:39.14 .......... __builtins__ = <module 'builtins' (built-in)>
19:41:39.14 .......... __file__ = '/home/andvsilva/repo/porphyrio2025/AI/gabarito_answered/readpngcnt.py'
19:41:39.14 .......... len(__file__) = 69
19:41:39.14 .......... __cached__ = None
19:41:39.14 .......... Path = <class 'pathlib.Path'>
19:41:39.14 .......... cv2 = <module 'cv2' from '/home/andvsilva/.local/lib/python3.10/site-packages/cv2/__init__.py'>
19:41:39.14 .......... np = <module 'numpy' from '/home/andvsilva/.local/lib/python3.10/site-packages/numpy/__init__.py'>
19:41:39.14 .......... np.shape = <function shape at 0x7b18555ac1f0>
19:41:39.14 .......... np.dtype = <class 'numpy.dtype'>
19:41:39.14 .......... os = <module 'os' from '/usr/lib/python3.10/os.py'>
19:41:39.14 .......... csv = <module 'csv' from '/usr/lib/python3.10/csv.py'>
19:41:39.14 .......... pd = <module 'pandas' from '/home/andvsilva/.local/lib/python3.10/site-packages/pandas/__init__.py'>
19:41:39.14 .......... ic = <icecream.icecream.IceCreamDebugger object at 0x7b183373afb0>
19:41:39.14 .......... snoop = <class 'snoop.configuration.Config.__init__.<locals>.ConfiguredTracer'>
19:41:39.14 .......... IMG_PATH = 'edf_cnt_gabarito.png'
19:41:39.14 .......... OUT_CSV = 'gabarito_CNT.csv'
19:41:39.14 .......... OUT_IMG = 'gabarito_final_CNT.png'
19:41:39.14 .......... FILL_THRESHOLD = 0.5
19:41:39.14 .......... K_COLUMNS = 2
19:41:39.14 .......... OPTIONS = ['A', 'B', 'C', 'D', 'E']
19:41:39.14 .......... len(OPTIONS) = 5
19:41:39.14 .......... img_path = PosixPath('edf_cnt_gabarito.png')
19:41:39.14 .......... gray = array([[255, 255, 255, ..., 255, 255, 255],
19:41:39.14                          [255, 255, 255, ..., 255, 255, 255],
19:41:39.14                          [255, 255, 255, ..., 255, 255, 255],
19:41:39.14                          ...,
19:41:39.14                          [255, 255, 255, ..., 255, 255, 255],
19:41:39.14                          [255, 255, 255, ..., 255, 255, 255],
19:41:39.14                          [255, 255, 255, ..., 255, 255, 255]],
19:41:39.14                         shape=(1050, 1600), dtype=uint8)
19:41:39.14 .......... gray.shape = (1050, 1600)
19:41:39.14 .......... gray.dtype = dtype('uint8')
19:41:39.14 .......... _ = 136.0
19:41:39.14 .......... thresh = array([[0, 0, 0, ..., 0, 0, 0],
19:41:39.14                            [0, 0, 0, ..., 0, 0, 0],
19:41:39.14                            [0, 0, 0, ..., 0, 0, 0],
19:41:39.14                            ...,
19:41:39.14                            [0, 0, 0, ..., 0, 0, 0],
19:41:39.14                            [0, 0, 0, ..., 0, 0, 0],
19:41:39.14                            [0, 0, 0, ..., 0, 0, 0]], shape=(1050, 1600), dtype=uint8)
19:41:39.14 .......... thresh.shape = (1050, 1600)
19:41:39.14 .......... thresh.dtype = dtype('uint8')
19:41:39.14 .......... circles = [array([659,  25,  19], dtype=uint16), array([1385,  235,   21], dtype=uint16), array([563, 238,  19], dtype=uint16), ..., array([1387,  985,   19], dtype=uint16), array([1489,  987,   19], dtype=uint16), array([143, 989,  21], dtype=uint16)]
19:41:39.14 .......... len(circles) = 39
19:41:39.14 .......... rows = 10
19:41:39.14 .......... current_row = [(np.uint16(247), np.uint16(985), np.uint16(19)), (np.uint16(565), np.uint16(985), np.uint16(19)), (np.uint16(1067), np.uint16(985), np.uint16(19)), (np.uint16(1387), np.uint16(985), np.uint16(19)), (np.uint16(1489), np.uint16(987), np.uint16(19)), (np.uint16(143), np.uint16(989), np.uint16(21))]
19:41:39.14 .......... len(current_row) = 6
19:41:39.14 .......... last_y = np.float64(987.5)
19:41:39.14 .......... last_y.shape = ()
19:41:39.14 .......... last_y.dtype = dtype('float64')
19:41:39.14 .......... tol = 5
19:41:39.14 .......... x = 1183
19:41:39.14 .......... y = 993
19:41:39.14 .......... r = np.uint16(19)
19:41:39.14 .......... r.shape = ()
19:41:39.14 .......... r.dtype = dtype('uint16')
19:41:39.14 .......... points = [(563, 238), (1385, 235), (353, 321), (1069, 321), (143, 403), (1279, 405), (458, 488), (1173, 487)]
19:41:39.14 .......... len(points) = 8
19:41:39.14 .......... results = [{'Questão': 11, 'Alternativa': 'B', 'Score': 0.98}, {'Questão': 12, 'Alternativa': 'A', 'Score': 1.0}, {'Questão': 13, 'Alternativa': 'C', 'Score': 1.0}, {'Questão': 14, 'Alternativa': 'A', 'Score': 1.0}]
19:41:39.14 .......... len(results) = 4
19:41:39.14 .......... img_color = array([[[255, 255, 255],
19:41:39.14                                [255, 255, 255],
19:41:39.14                                ...,
19:41:39.14                                [255, 255, 255],
19:41:39.14                                [255, 255, 255]],
19:41:39.14                        
19:41:39.14                               [[255, 255, 255],
19:41:39.14                                [255, 255, 255],
19:41:39.14                                ...,
19:41:39.14                                [255, 255, 255],
19:41:39.14                                [255, 255, 255]],
19:41:39.14                        
19:41:39.14                               ...,
19:41:39.14                        
19:41:39.14                               [[255, 255, 255],
19:41:39.14                                [255, 255, 255],
19:41:39.14                                ...,
19:41:39.14                                [255, 255, 255],
19:41:39.14                                [255, 255, 255]],
19:41:39.14                        
19:41:39.14                               [[255, 255, 255],
19:41:39.14                                [255, 255, 255],
19:41:39.14                                ...,
19:41:39.14                                [255, 255, 255],
19:41:39.14                                [255, 255, 255]]], shape=(1050, 1600, 3), dtype=uint8)
19:41:39.14 .......... img_color.shape = (1050, 1600, 3)
19:41:39.14 .......... img_color.dtype = dtype('uint8')
19:41:39.14 .......... q_num = 15
19:41:39.14 .......... row = [(np.uint16(563), np.uint16(571), np.uint16(19)), (np.uint16(1175), np.uint16(571), np.uint16(20)), (np.uint16(1489), np.uint16(571), np.uint16(19))]
19:41:39.14 .......... len(row) = 3
19:41:39.14 .......... scores = []
19:41:39.14 .......... i = 3
19:41:39.14 .......... mask = array([[0, 0, 0, ..., 0, 0, 0],
19:41:39.14                          [0, 0, 0, ..., 0, 0, 0],
19:41:39.14                          [0, 0, 0, ..., 0, 0, 0],
19:41:39.14                          ...,
19:41:39.14                          [0, 0, 0, ..., 0, 0, 0],
19:41:39.14                          [0, 0, 0, ..., 0, 0, 0],
19:41:39.14                          [0, 0, 0, ..., 0, 0, 0]], shape=(1050, 1600), dtype=uint8)
19:41:39.14 .......... mask.shape = (1050, 1600)
19:41:39.14 .......... mask.dtype = dtype('uint8')
19:41:39.14 .......... total = 901
19:41:39.14 .......... filled = 898
19:41:39.14 .......... ratio = 0.9966703662597114
19:41:39.14 .......... best_ratio = 1.0
19:41:39.14 .......... best_idx = 0
19:41:39.14 .......... chosen = 'A'
19:41:39.14 .......... index = 2
19:41:39.14 .......... color = (0, 255, 255)
19:41:39.14 .......... len(color) = 3
19:41:39.14 .......... x_alt = 1289
19:41:39.14 .......... icon = 'E'
19:41:39.14 .......... start_point = (750, 741)
19:41:39.14 .......... len(start_point) = 2
19:41:39.14 .......... end_point = (1200, 741)
19:41:39.14 .......... len(end_point) = 2
19:41:39.14 .......... thickness = -1
19:41:39.14 .......... y_alt = 825
19:41:39.14 .......... q = 17
19:41:39.14 .......... cols = 5
19:41:39.14 .......... matrix1 = array([[(141, 237), (247, 237), (353, 237), (459, 237), (565, 237)],
19:41:39.14                             [(141, 321), (247, 321), (353, 321), (459, 321), (565, 321)],
19:41:39.14                             [(141, 405), (247, 405), (353, 405), (459, 405), (565, 405)],
19:41:39.14                             ...,
19:41:39.14                             [(141, 825), (247, 825), (353, 825), (459, 825), (565, 825)],
19:41:39.14                             [(141, 909), (247, 909), (353, 909), (459, 909), (565, 909)],
19:41:39.14                             [(141, 993), (247, 993), (353, 993), (459, 993), (565, 993)]],
19:41:39.14                            shape=(10, 5), dtype=object)
19:41:39.14 .......... matrix1.shape = (10, 5)
19:41:39.14 .......... matrix1.dtype = dtype('O')
19:41:39.14 .......... xcoor = 759
19:41:39.14 .......... ycoor = 1077
19:41:39.14 .......... matrix2 = array([[(759, 237), (865, 237), (971, 237), (1077, 237), (1183, 237)],
19:41:39.14                             [(759, 321), (865, 321), (971, 321), (1077, 321), (1183, 321)],
19:41:39.14                             [(759, 405), (865, 405), (971, 405), (1077, 405), (1183, 405)],
19:41:39.14                             ...,
19:41:39.14                             [(759, 825), (865, 825), (971, 825), (1077, 825), (1183, 825)],
19:41:39.14                             [(759, 909), (865, 909), (971, 909), (1077, 909), (1183, 909)],
19:41:39.14                             [(759, 993), (865, 993), (971, 993), (1077, 993), (1183, 993)]],
19:41:39.14                            shape=(10, 5), dtype=object)
19:41:39.14 .......... matrix2.shape = (10, 5)
19:41:39.14 .......... matrix2.dtype = dtype('O')
19:41:39.14 .......... radius = 5
19:41:39.14   99 |         for i, (x, y, r) in enumerate(row):
19:41:39.14 .............. x = np.uint16(563)
19:41:39.14 .............. x.shape = ()
19:41:39.14 .............. x.dtype = dtype('uint16')
19:41:39.14 .............. y = np.uint16(571)
19:41:39.14 .............. y.shape = ()
19:41:39.14 .............. y.dtype = dtype('uint16')
19:41:39.14 .............. i = 0
19:41:39.14  100 |             mask = np.zeros_like(thresh)
19:41:39.15  101 |             cv2.circle(mask, (x, y), r-2, 255, -1)
19:41:39.15  102 |             total = cv2.countNonZero(mask)
19:41:39.15  103 |             filled = cv2.countNonZero(cv2.bitwise_and(thresh, thresh, mask=mask))
19:41:39.16 .................. filled = 893
19:41:39.16  104 |             ratio = filled / float(total)
19:41:39.16 .................. ratio = 0.9911209766925638
19:41:39.16  105 |             scores.append((ratio, i))
19:41:39.16 .................. scores = [(0.9911209766925638, 0)]
19:41:39.16 .................. len(scores) = 1
19:41:39.16   99 |         for i, (x, y, r) in enumerate(row):
19:41:39.17 .............. x = np.uint16(1175)
19:41:39.17 .............. r = np.uint16(20)
19:41:39.17 .............. i = 1
19:41:39.17  100 |             mask = np.zeros_like(thresh)
19:41:39.17  101 |             cv2.circle(mask, (x, y), r-2, 255, -1)
19:41:39.17  102 |             total = cv2.countNonZero(mask)
19:41:39.18 .................. total = 1009
19:41:39.18  103 |             filled = cv2.countNonZero(cv2.bitwise_and(thresh, thresh, mask=mask))
19:41:39.18 .................. filled = 130
19:41:39.18  104 |             ratio = filled / float(total)
19:41:39.18 .................. ratio = 0.1288404360753221
19:41:39.18  105 |             scores.append((ratio, i))
19:41:39.19 .................. scores = [(0.9911209766925638, 0), (0.1288404360753221, 1)]
19:41:39.19 .................. len(scores) = 2
19:41:39.19   99 |         for i, (x, y, r) in enumerate(row):
19:41:39.19 .............. x = np.uint16(1489)
19:41:39.19 .............. r = np.uint16(19)
19:41:39.19 .............. i = 2
19:41:39.19  100 |             mask = np.zeros_like(thresh)
19:41:39.19  101 |             cv2.circle(mask, (x, y), r-2, 255, -1)
19:41:39.20  102 |             total = cv2.countNonZero(mask)
19:41:39.20 .................. total = 901
19:41:39.20  103 |             filled = cv2.countNonZero(cv2.bitwise_and(thresh, thresh, mask=mask))
19:41:39.21 .................. filled = 860
19:41:39.21  104 |             ratio = filled / float(total)
19:41:39.21 .................. ratio = 0.9544950055493896
19:41:39.21  105 |             scores.append((ratio, i))
19:41:39.21 .................. scores = [(0.9911209766925638, 0), (0.1288404360753221, 1), (0.9544950055493896, 2)]
19:41:39.21 .................. len(scores) = 3
19:41:39.21   99 |         for i, (x, y, r) in enumerate(row):
19:41:39.21  107 |         best_ratio, best_idx = max(scores, key=lambda t: t[0])
19:41:39.22 .............. best_ratio = 0.9911209766925638
19:41:39.22  108 |         ic(scores)
19:41:39.22  110 |         chosen = OPTIONS[best_idx] if best_ratio >= FILL_THRESHOLD else '-'
19:41:39.22  112 |         results.append({
19:41:39.23  113 |             'Questão': q_num,
19:41:39.23  114 |             'Alternativa': chosen,
19:41:39.23  115 |             'Score': round(best_ratio, 2)
19:41:39.24  112 |         results.append({
19:41:39.24 .............. results = [{'Questão': 11, 'Alternativa': 'B', 'Score': 0.98}, {'Questão': 12, 'Alternativa': 'A', 'Score': 1.0}, {'Questão': 13, 'Alternativa': 'C', 'Score': 1.0}, {'Questão': 14, 'Alternativa': 'A', 'Score': 1.0}, {'Questão': 15, 'Alternativa': 'A', 'Score': 0.99}]
19:41:39.24 .............. len(results) = 5
19:41:39.24  117 |         ic(results)
19:41:39.25   98 |     with snoop:
19:41:39.25 <<< Exit with block in <module>
19:41:39.26 >>> Enter with block in <module> in File "/home/andvsilva/repo/porphyrio2025/AI/gabarito_answered/readpngcnt.py", line 98
19:41:39.26 .......... __name__ = '__main__'
19:41:39.26 .......... __doc__ = None
19:41:39.26 .......... __package__ = None
19:41:39.26 .......... __loader__ = <_frozen_importlib_external.SourceFileLoader object at 0x7b1857a1d7e0>
19:41:39.26 .......... __spec__ = None
19:41:39.26 .......... __annotations__ = {}
19:41:39.26 .......... __builtins__ = <module 'builtins' (built-in)>
19:41:39.26 .......... __file__ = '/home/andvsilva/repo/porphyrio2025/AI/gabarito_answered/readpngcnt.py'
19:41:39.26 .......... len(__file__) = 69
19:41:39.26 .......... __cached__ = None
19:41:39.26 .......... Path = <class 'pathlib.Path'>
19:41:39.26 .......... cv2 = <module 'cv2' from '/home/andvsilva/.local/lib/python3.10/site-packages/cv2/__init__.py'>
19:41:39.26 .......... np = <module 'numpy' from '/home/andvsilva/.local/lib/python3.10/site-packages/numpy/__init__.py'>
19:41:39.26 .......... np.shape = <function shape at 0x7b18555ac1f0>
19:41:39.26 .......... np.dtype = <class 'numpy.dtype'>
19:41:39.26 .......... os = <module 'os' from '/usr/lib/python3.10/os.py'>
19:41:39.26 .......... csv = <module 'csv' from '/usr/lib/python3.10/csv.py'>
19:41:39.26 .......... pd = <module 'pandas' from '/home/andvsilva/.local/lib/python3.10/site-packages/pandas/__init__.py'>
19:41:39.26 .......... ic = <icecream.icecream.IceCreamDebugger object at 0x7b183373afb0>
19:41:39.26 .......... snoop = <class 'snoop.configuration.Config.__init__.<locals>.ConfiguredTracer'>
19:41:39.26 .......... IMG_PATH = 'edf_cnt_gabarito.png'
19:41:39.26 .......... OUT_CSV = 'gabarito_CNT.csv'
19:41:39.26 .......... OUT_IMG = 'gabarito_final_CNT.png'
19:41:39.26 .......... FILL_THRESHOLD = 0.5
19:41:39.26 .......... K_COLUMNS = 2
19:41:39.26 .......... OPTIONS = ['A', 'B', 'C', 'D', 'E']
19:41:39.26 .......... len(OPTIONS) = 5
19:41:39.26 .......... img_path = PosixPath('edf_cnt_gabarito.png')
19:41:39.26 .......... gray = array([[255, 255, 255, ..., 255, 255, 255],
19:41:39.26                          [255, 255, 255, ..., 255, 255, 255],
19:41:39.26                          [255, 255, 255, ..., 255, 255, 255],
19:41:39.26                          ...,
19:41:39.26                          [255, 255, 255, ..., 255, 255, 255],
19:41:39.26                          [255, 255, 255, ..., 255, 255, 255],
19:41:39.26                          [255, 255, 255, ..., 255, 255, 255]],
19:41:39.26                         shape=(1050, 1600), dtype=uint8)
19:41:39.26 .......... gray.shape = (1050, 1600)
19:41:39.26 .......... gray.dtype = dtype('uint8')
19:41:39.26 .......... _ = 136.0
19:41:39.26 .......... thresh = array([[0, 0, 0, ..., 0, 0, 0],
19:41:39.26                            [0, 0, 0, ..., 0, 0, 0],
19:41:39.26                            [0, 0, 0, ..., 0, 0, 0],
19:41:39.26                            ...,
19:41:39.26                            [0, 0, 0, ..., 0, 0, 0],
19:41:39.26                            [0, 0, 0, ..., 0, 0, 0],
19:41:39.26                            [0, 0, 0, ..., 0, 0, 0]], shape=(1050, 1600), dtype=uint8)
19:41:39.26 .......... thresh.shape = (1050, 1600)
19:41:39.26 .......... thresh.dtype = dtype('uint8')
19:41:39.26 .......... circles = [array([659,  25,  19], dtype=uint16), array([1385,  235,   21], dtype=uint16), array([563, 238,  19], dtype=uint16), ..., array([1387,  985,   19], dtype=uint16), array([1489,  987,   19], dtype=uint16), array([143, 989,  21], dtype=uint16)]
19:41:39.26 .......... len(circles) = 39
19:41:39.26 .......... rows = 10
19:41:39.26 .......... current_row = [(np.uint16(247), np.uint16(985), np.uint16(19)), (np.uint16(565), np.uint16(985), np.uint16(19)), (np.uint16(1067), np.uint16(985), np.uint16(19)), (np.uint16(1387), np.uint16(985), np.uint16(19)), (np.uint16(1489), np.uint16(987), np.uint16(19)), (np.uint16(143), np.uint16(989), np.uint16(21))]
19:41:39.26 .......... len(current_row) = 6
19:41:39.26 .......... last_y = np.float64(987.5)
19:41:39.26 .......... last_y.shape = ()
19:41:39.26 .......... last_y.dtype = dtype('float64')
19:41:39.26 .......... tol = 5
19:41:39.26 .......... x = 1183
19:41:39.26 .......... y = 993
19:41:39.26 .......... r = np.uint16(19)
19:41:39.26 .......... r.shape = ()
19:41:39.26 .......... r.dtype = dtype('uint16')
19:41:39.26 .......... points = [(563, 238), (1385, 235), (353, 321), (1069, 321), ..., (458, 488), (1173, 487), (563, 571), (1489, 571)]
19:41:39.26 .......... len(points) = 10
19:41:39.26 .......... results = [{'Questão': 11, 'Alternativa': 'B', 'Score': 0.98}, {'Questão': 12, 'Alternativa': 'A', 'Score': 1.0}, {'Questão': 13, 'Alternativa': 'C', 'Score': 1.0}, {'Questão': 14, 'Alternativa': 'A', 'Score': 1.0}, {'Questão': 15, 'Alternativa': 'A', 'Score': 0.99}]
19:41:39.26 .......... len(results) = 5
19:41:39.26 .......... img_color = array([[[255, 255, 255],
19:41:39.26                                [255, 255, 255],
19:41:39.26                                ...,
19:41:39.26                                [255, 255, 255],
19:41:39.26                                [255, 255, 255]],
19:41:39.26                        
19:41:39.26                               [[255, 255, 255],
19:41:39.26                                [255, 255, 255],
19:41:39.26                                ...,
19:41:39.26                                [255, 255, 255],
19:41:39.26                                [255, 255, 255]],
19:41:39.26                        
19:41:39.26                               ...,
19:41:39.26                        
19:41:39.26                               [[255, 255, 255],
19:41:39.26                                [255, 255, 255],
19:41:39.26                                ...,
19:41:39.26                                [255, 255, 255],
19:41:39.26                                [255, 255, 255]],
19:41:39.26                        
19:41:39.26                               [[255, 255, 255],
19:41:39.26                                [255, 255, 255],
19:41:39.26                                ...,
19:41:39.26                                [255, 255, 255],
19:41:39.26                                [255, 255, 255]]], shape=(1050, 1600, 3), dtype=uint8)
19:41:39.26 .......... img_color.shape = (1050, 1600, 3)
19:41:39.26 .......... img_color.dtype = dtype('uint8')
19:41:39.26 .......... q_num = 16
19:41:39.26 .......... row = [(np.uint16(241), np.uint16(655), np.uint16(19)), (np.uint16(353), np.uint16(655), np.uint16(19)), (np.uint16(461), np.uint16(655), np.uint16(21)), (np.uint16(569), np.uint16(655), np.uint16(22)), (np.uint16(1069), np.uint16(655), np.uint16(20))]
19:41:39.26 .......... len(row) = 5
19:41:39.26 .......... scores = []
19:41:39.26 .......... i = 2
19:41:39.26 .......... mask = array([[0, 0, 0, ..., 0, 0, 0],
19:41:39.26                          [0, 0, 0, ..., 0, 0, 0],
19:41:39.26                          [0, 0, 0, ..., 0, 0, 0],
19:41:39.26                          ...,
19:41:39.26                          [0, 0, 0, ..., 0, 0, 0],
19:41:39.26                          [0, 0, 0, ..., 0, 0, 0],
19:41:39.26                          [0, 0, 0, ..., 0, 0, 0]], shape=(1050, 1600), dtype=uint8)
19:41:39.26 .......... mask.shape = (1050, 1600)
19:41:39.26 .......... mask.dtype = dtype('uint8')
19:41:39.26 .......... total = 901
19:41:39.26 .......... filled = 860
19:41:39.26 .......... ratio = 0.9544950055493896
19:41:39.26 .......... best_ratio = 0.9911209766925638
19:41:39.26 .......... best_idx = 0
19:41:39.26 .......... chosen = 'A'
19:41:39.26 .......... index = 2
19:41:39.26 .......... color = (0, 255, 255)
19:41:39.26 .......... len(color) = 3
19:41:39.26 .......... x_alt = 1289
19:41:39.26 .......... icon = 'E'
19:41:39.26 .......... start_point = (750, 741)
19:41:39.26 .......... len(start_point) = 2
19:41:39.26 .......... end_point = (1200, 741)
19:41:39.26 .......... len(end_point) = 2
19:41:39.26 .......... thickness = -1
19:41:39.26 .......... y_alt = 825
19:41:39.26 .......... q = 17
19:41:39.26 .......... cols = 5
19:41:39.26 .......... matrix1 = array([[(141, 237), (247, 237), (353, 237), (459, 237), (565, 237)],
19:41:39.26                             [(141, 321), (247, 321), (353, 321), (459, 321), (565, 321)],
19:41:39.26                             [(141, 405), (247, 405), (353, 405), (459, 405), (565, 405)],
19:41:39.26                             ...,
19:41:39.26                             [(141, 825), (247, 825), (353, 825), (459, 825), (565, 825)],
19:41:39.26                             [(141, 909), (247, 909), (353, 909), (459, 909), (565, 909)],
19:41:39.26                             [(141, 993), (247, 993), (353, 993), (459, 993), (565, 993)]],
19:41:39.26                            shape=(10, 5), dtype=object)
19:41:39.26 .......... matrix1.shape = (10, 5)
19:41:39.26 .......... matrix1.dtype = dtype('O')
19:41:39.26 .......... xcoor = 759
19:41:39.26 .......... ycoor = 1077
19:41:39.26 .......... matrix2 = array([[(759, 237), (865, 237), (971, 237), (1077, 237), (1183, 237)],
19:41:39.26                             [(759, 321), (865, 321), (971, 321), (1077, 321), (1183, 321)],
19:41:39.26                             [(759, 405), (865, 405), (971, 405), (1077, 405), (1183, 405)],
19:41:39.26                             ...,
19:41:39.26                             [(759, 825), (865, 825), (971, 825), (1077, 825), (1183, 825)],
19:41:39.26                             [(759, 909), (865, 909), (971, 909), (1077, 909), (1183, 909)],
19:41:39.26                             [(759, 993), (865, 993), (971, 993), (1077, 993), (1183, 993)]],
19:41:39.26                            shape=(10, 5), dtype=object)
19:41:39.26 .......... matrix2.shape = (10, 5)
19:41:39.26 .......... matrix2.dtype = dtype('O')
19:41:39.26 .......... radius = 5
19:41:39.26   99 |         for i, (x, y, r) in enumerate(row):
19:41:39.26 .............. x = np.uint16(241)
19:41:39.26 .............. x.shape = ()
19:41:39.26 .............. x.dtype = dtype('uint16')
19:41:39.26 .............. y = np.uint16(655)
19:41:39.26 .............. y.shape = ()
19:41:39.26 .............. y.dtype = dtype('uint16')
19:41:39.26 .............. i = 0
19:41:39.26  100 |             mask = np.zeros_like(thresh)
19:41:39.27  101 |             cv2.circle(mask, (x, y), r-2, 255, -1)
19:41:39.27  102 |             total = cv2.countNonZero(mask)
19:41:39.27  103 |             filled = cv2.countNonZero(cv2.bitwise_and(thresh, thresh, mask=mask))
19:41:39.28 .................. filled = 89
19:41:39.28  104 |             ratio = filled / float(total)
19:41:39.28 .................. ratio = 0.09877913429522753
19:41:39.28  105 |             scores.append((ratio, i))
19:41:39.28 .................. scores = [(0.09877913429522753, 0)]
19:41:39.28 .................. len(scores) = 1
19:41:39.28   99 |         for i, (x, y, r) in enumerate(row):
19:41:39.29 .............. x = np.uint16(353)
19:41:39.29 .............. i = 1
19:41:39.29  100 |             mask = np.zeros_like(thresh)
19:41:39.29  101 |             cv2.circle(mask, (x, y), r-2, 255, -1)
19:41:39.29  102 |             total = cv2.countNonZero(mask)
19:41:39.30  103 |             filled = cv2.countNonZero(cv2.bitwise_and(thresh, thresh, mask=mask))
19:41:39.30 .................. filled = 899
19:41:39.30  104 |             ratio = filled / float(total)
19:41:39.30 .................. ratio = 0.9977802441731409
19:41:39.30  105 |             scores.append((ratio, i))
19:41:39.31 .................. scores = [(0.09877913429522753, 0), (0.9977802441731409, 1)]
19:41:39.31 .................. len(scores) = 2
19:41:39.31   99 |         for i, (x, y, r) in enumerate(row):
19:41:39.31 .............. x = np.uint16(461)
19:41:39.31 .............. r = np.uint16(21)
19:41:39.31 .............. i = 2
19:41:39.31  100 |             mask = np.zeros_like(thresh)
19:41:39.31  101 |             cv2.circle(mask, (x, y), r-2, 255, -1)
19:41:39.32  102 |             total = cv2.countNonZero(mask)
19:41:39.32 .................. total = 1129
19:41:39.32  103 |             filled = cv2.countNonZero(cv2.bitwise_and(thresh, thresh, mask=mask))
19:41:39.33 .................. filled = 163
19:41:39.33  104 |             ratio = filled / float(total)
19:41:39.33 .................. ratio = 0.14437555358724535
19:41:39.33  105 |             scores.append((ratio, i))
19:41:39.33 .................. scores = [(0.09877913429522753, 0), (0.9977802441731409, 1), (0.14437555358724535, 2)]
19:41:39.33 .................. len(scores) = 3
19:41:39.33   99 |         for i, (x, y, r) in enumerate(row):
19:41:39.33 .............. x = np.uint16(569)
19:41:39.33 .............. r = np.uint16(22)
19:41:39.33 .............. i = 3
19:41:39.33  100 |             mask = np.zeros_like(thresh)
19:41:39.34  101 |             cv2.circle(mask, (x, y), r-2, 255, -1)
19:41:39.34  102 |             total = cv2.countNonZero(mask)
19:41:39.34 .................. total = 1257
19:41:39.34  103 |             filled = cv2.countNonZero(cv2.bitwise_and(thresh, thresh, mask=mask))
19:41:39.35 .................. filled = 144
19:41:39.35  104 |             ratio = filled / float(total)
19:41:39.35 .................. ratio = 0.11455847255369929
19:41:39.35  105 |             scores.append((ratio, i))
19:41:39.35 .................. scores = [(0.09877913429522753, 0), (0.9977802441731409, 1), (0.14437555358724535, 2), (0.11455847255369929, 3)]
19:41:39.35 .................. len(scores) = 4
19:41:39.35   99 |         for i, (x, y, r) in enumerate(row):
19:41:39.36 .............. x = np.uint16(1069)
19:41:39.36 .............. r = np.uint16(20)
19:41:39.36 .............. i = 4
19:41:39.36  100 |             mask = np.zeros_like(thresh)
19:41:39.36  101 |             cv2.circle(mask, (x, y), r-2, 255, -1)
19:41:39.36  102 |             total = cv2.countNonZero(mask)
19:41:39.37 .................. total = 1009
19:41:39.37  103 |             filled = cv2.countNonZero(cv2.bitwise_and(thresh, thresh, mask=mask))
19:41:39.37 .................. filled = 946
19:41:39.37  104 |             ratio = filled / float(total)
19:41:39.37 .................. ratio = 0.9375619425173439
19:41:39.37  105 |             scores.append((ratio, i))
19:41:39.38 .................. scores = [(0.09877913429522753, 0), (0.9977802441731409, 1), (0.14437555358724535, 2), (0.11455847255369929, 3), (0.9375619425173439, 4)]
19:41:39.38 .................. len(scores) = 5
19:41:39.38   99 |         for i, (x, y, r) in enumerate(row):
19:41:39.38  107 |         best_ratio, best_idx = max(scores, key=lambda t: t[0])
19:41:39.38 .............. best_ratio = 0.9977802441731409
19:41:39.38 .............. best_idx = 1
19:41:39.38  108 |         ic(scores)
19:41:39.39  110 |         chosen = OPTIONS[best_idx] if best_ratio >= FILL_THRESHOLD else '-'
19:41:39.39 .............. chosen = 'B'
19:41:39.39  112 |         results.append({
19:41:39.39  113 |             'Questão': q_num,
19:41:39.40  114 |             'Alternativa': chosen,
19:41:39.40  115 |             'Score': round(best_ratio, 2)
19:41:39.40  112 |         results.append({
19:41:39.41 .............. results = [{'Questão': 11, 'Alternativa': 'B', 'Score': 0.98}, {'Questão': 12, 'Alternativa': 'A', 'Score': 1.0}, {'Questão': 13, 'Alternativa': 'C', 'Score': 1.0}, {'Questão': 14, 'Alternativa': 'A', 'Score': 1.0}, {'Questão': 15, 'Alternativa': 'A', 'Score': 0.99}, {'Questão': 16, 'Alternativa': 'B', 'Score': 1.0}]
19:41:39.41 .............. len(results) = 6
19:41:39.41  117 |         ic(results)
19:41:39.41   98 |     with snoop:
19:41:39.42 <<< Exit with block in <module>
19:41:39.42 >>> Enter with block in <module> in File "/home/andvsilva/repo/porphyrio2025/AI/gabarito_answered/readpngcnt.py", line 98
19:41:39.42 .......... __name__ = '__main__'
19:41:39.42 .......... __doc__ = None
19:41:39.42 .......... __package__ = None
19:41:39.42 .......... __loader__ = <_frozen_importlib_external.SourceFileLoader object at 0x7b1857a1d7e0>
19:41:39.42 .......... __spec__ = None
19:41:39.42 .......... __annotations__ = {}
19:41:39.42 .......... __builtins__ = <module 'builtins' (built-in)>
19:41:39.42 .......... __file__ = '/home/andvsilva/repo/porphyrio2025/AI/gabarito_answered/readpngcnt.py'
19:41:39.42 .......... len(__file__) = 69
19:41:39.42 .......... __cached__ = None
19:41:39.42 .......... Path = <class 'pathlib.Path'>
19:41:39.42 .......... cv2 = <module 'cv2' from '/home/andvsilva/.local/lib/python3.10/site-packages/cv2/__init__.py'>
19:41:39.42 .......... np = <module 'numpy' from '/home/andvsilva/.local/lib/python3.10/site-packages/numpy/__init__.py'>
19:41:39.42 .......... np.shape = <function shape at 0x7b18555ac1f0>
19:41:39.42 .......... np.dtype = <class 'numpy.dtype'>
19:41:39.42 .......... os = <module 'os' from '/usr/lib/python3.10/os.py'>
19:41:39.42 .......... csv = <module 'csv' from '/usr/lib/python3.10/csv.py'>
19:41:39.42 .......... pd = <module 'pandas' from '/home/andvsilva/.local/lib/python3.10/site-packages/pandas/__init__.py'>
19:41:39.42 .......... ic = <icecream.icecream.IceCreamDebugger object at 0x7b183373afb0>
19:41:39.42 .......... snoop = <class 'snoop.configuration.Config.__init__.<locals>.ConfiguredTracer'>
19:41:39.42 .......... IMG_PATH = 'edf_cnt_gabarito.png'
19:41:39.42 .......... OUT_CSV = 'gabarito_CNT.csv'
19:41:39.42 .......... OUT_IMG = 'gabarito_final_CNT.png'
19:41:39.42 .......... FILL_THRESHOLD = 0.5
19:41:39.42 .......... K_COLUMNS = 2
19:41:39.42 .......... OPTIONS = ['A', 'B', 'C', 'D', 'E']
19:41:39.42 .......... len(OPTIONS) = 5
19:41:39.42 .......... img_path = PosixPath('edf_cnt_gabarito.png')
19:41:39.42 .......... gray = array([[255, 255, 255, ..., 255, 255, 255],
19:41:39.42                          [255, 255, 255, ..., 255, 255, 255],
19:41:39.42                          [255, 255, 255, ..., 255, 255, 255],
19:41:39.42                          ...,
19:41:39.42                          [255, 255, 255, ..., 255, 255, 255],
19:41:39.42                          [255, 255, 255, ..., 255, 255, 255],
19:41:39.42                          [255, 255, 255, ..., 255, 255, 255]],
19:41:39.42                         shape=(1050, 1600), dtype=uint8)
19:41:39.42 .......... gray.shape = (1050, 1600)
19:41:39.42 .......... gray.dtype = dtype('uint8')
19:41:39.42 .......... _ = 136.0
19:41:39.42 .......... thresh = array([[0, 0, 0, ..., 0, 0, 0],
19:41:39.42                            [0, 0, 0, ..., 0, 0, 0],
19:41:39.42                            [0, 0, 0, ..., 0, 0, 0],
19:41:39.42                            ...,
19:41:39.42                            [0, 0, 0, ..., 0, 0, 0],
19:41:39.42                            [0, 0, 0, ..., 0, 0, 0],
19:41:39.42                            [0, 0, 0, ..., 0, 0, 0]], shape=(1050, 1600), dtype=uint8)
19:41:39.42 .......... thresh.shape = (1050, 1600)
19:41:39.42 .......... thresh.dtype = dtype('uint8')
19:41:39.42 .......... circles = [array([659,  25,  19], dtype=uint16), array([1385,  235,   21], dtype=uint16), array([563, 238,  19], dtype=uint16), ..., array([1387,  985,   19], dtype=uint16), array([1489,  987,   19], dtype=uint16), array([143, 989,  21], dtype=uint16)]
19:41:39.42 .......... len(circles) = 39
19:41:39.42 .......... rows = 10
19:41:39.42 .......... current_row = [(np.uint16(247), np.uint16(985), np.uint16(19)), (np.uint16(565), np.uint16(985), np.uint16(19)), (np.uint16(1067), np.uint16(985), np.uint16(19)), (np.uint16(1387), np.uint16(985), np.uint16(19)), (np.uint16(1489), np.uint16(987), np.uint16(19)), (np.uint16(143), np.uint16(989), np.uint16(21))]
19:41:39.42 .......... len(current_row) = 6
19:41:39.42 .......... last_y = np.float64(987.5)
19:41:39.42 .......... last_y.shape = ()
19:41:39.42 .......... last_y.dtype = dtype('float64')
19:41:39.42 .......... tol = 5
19:41:39.42 .......... x = 1183
19:41:39.42 .......... y = 993
19:41:39.42 .......... r = np.uint16(20)
19:41:39.42 .......... r.shape = ()
19:41:39.42 .......... r.dtype = dtype('uint16')
19:41:39.42 .......... points = [(563, 238), (1385, 235), (353, 321), (1069, 321), ..., (563, 571), (1489, 571), (353, 655), (1069, 655)]
19:41:39.42 .......... len(points) = 12
19:41:39.42 .......... results = [{'Questão': 11, 'Alternativa': 'B', 'Score': 0.98}, {'Questão': 12, 'Alternativa': 'A', 'Score': 1.0}, {'Questão': 13, 'Alternativa': 'C', 'Score': 1.0}, {'Questão': 14, 'Alternativa': 'A', 'Score': 1.0}, {'Questão': 15, 'Alternativa': 'A', 'Score': 0.99}, {'Questão': 16, 'Alternativa': 'B', 'Score': 1.0}]
19:41:39.42 .......... len(results) = 6
19:41:39.42 .......... img_color = array([[[255, 255, 255],
19:41:39.42                                [255, 255, 255],
19:41:39.42                                ...,
19:41:39.42                                [255, 255, 255],
19:41:39.42                                [255, 255, 255]],
19:41:39.42                        
19:41:39.42                               [[255, 255, 255],
19:41:39.42                                [255, 255, 255],
19:41:39.42                                ...,
19:41:39.42                                [255, 255, 255],
19:41:39.42                                [255, 255, 255]],
19:41:39.42                        
19:41:39.42                               ...,
19:41:39.42                        
19:41:39.42                               [[255, 255, 255],
19:41:39.42                                [255, 255, 255],
19:41:39.42                                ...,
19:41:39.42                                [255, 255, 255],
19:41:39.42                                [255, 255, 255]],
19:41:39.42                        
19:41:39.42                               [[255, 255, 255],
19:41:39.42                                [255, 255, 255],
19:41:39.42                                ...,
19:41:39.42                                [255, 255, 255],
19:41:39.42                                [255, 255, 255]]], shape=(1050, 1600, 3), dtype=uint8)
19:41:39.42 .......... img_color.shape = (1050, 1600, 3)
19:41:39.42 .......... img_color.dtype = dtype('uint8')
19:41:39.42 .......... q_num = 17
19:41:39.42 .......... row = [(np.uint16(241), np.uint16(739), np.uint16(20)), (np.uint16(353), np.uint16(737), np.uint16(19)), (np.uint16(569), np.uint16(739), np.uint16(20)), (np.uint16(1069), np.uint16(739), np.uint16(20))]
19:41:39.42 .......... len(row) = 4
19:41:39.42 .......... scores = []
19:41:39.42 .......... i = 4
19:41:39.42 .......... mask = array([[0, 0, 0, ..., 0, 0, 0],
19:41:39.42                          [0, 0, 0, ..., 0, 0, 0],
19:41:39.42                          [0, 0, 0, ..., 0, 0, 0],
19:41:39.42                          ...,
19:41:39.42                          [0, 0, 0, ..., 0, 0, 0],
19:41:39.42                          [0, 0, 0, ..., 0, 0, 0],
19:41:39.42                          [0, 0, 0, ..., 0, 0, 0]], shape=(1050, 1600), dtype=uint8)
19:41:39.42 .......... mask.shape = (1050, 1600)
19:41:39.42 .......... mask.dtype = dtype('uint8')
19:41:39.42 .......... total = 1009
19:41:39.42 .......... filled = 946
19:41:39.42 .......... ratio = 0.9375619425173439
19:41:39.42 .......... best_ratio = 0.9977802441731409
19:41:39.42 .......... best_idx = 1
19:41:39.42 .......... chosen = 'B'
19:41:39.42 .......... index = 2
19:41:39.42 .......... color = (0, 255, 255)
19:41:39.42 .......... len(color) = 3
19:41:39.42 .......... x_alt = 1289
19:41:39.42 .......... icon = 'E'
19:41:39.42 .......... start_point = (750, 741)
19:41:39.42 .......... len(start_point) = 2
19:41:39.42 .......... end_point = (1200, 741)
19:41:39.42 .......... len(end_point) = 2
19:41:39.42 .......... thickness = -1
19:41:39.42 .......... y_alt = 825
19:41:39.42 .......... q = 17
19:41:39.42 .......... cols = 5
19:41:39.42 .......... matrix1 = array([[(141, 237), (247, 237), (353, 237), (459, 237), (565, 237)],
19:41:39.42                             [(141, 321), (247, 321), (353, 321), (459, 321), (565, 321)],
19:41:39.42                             [(141, 405), (247, 405), (353, 405), (459, 405), (565, 405)],
19:41:39.42                             ...,
19:41:39.42                             [(141, 825), (247, 825), (353, 825), (459, 825), (565, 825)],
19:41:39.42                             [(141, 909), (247, 909), (353, 909), (459, 909), (565, 909)],
19:41:39.42                             [(141, 993), (247, 993), (353, 993), (459, 993), (565, 993)]],
19:41:39.42                            shape=(10, 5), dtype=object)
19:41:39.42 .......... matrix1.shape = (10, 5)
19:41:39.42 .......... matrix1.dtype = dtype('O')
19:41:39.42 .......... xcoor = 759
19:41:39.42 .......... ycoor = 1077
19:41:39.42 .......... matrix2 = array([[(759, 237), (865, 237), (971, 237), (1077, 237), (1183, 237)],
19:41:39.42                             [(759, 321), (865, 321), (971, 321), (1077, 321), (1183, 321)],
19:41:39.42                             [(759, 405), (865, 405), (971, 405), (1077, 405), (1183, 405)],
19:41:39.42                             ...,
19:41:39.42                             [(759, 825), (865, 825), (971, 825), (1077, 825), (1183, 825)],
19:41:39.42                             [(759, 909), (865, 909), (971, 909), (1077, 909), (1183, 909)],
19:41:39.42                             [(759, 993), (865, 993), (971, 993), (1077, 993), (1183, 993)]],
19:41:39.42                            shape=(10, 5), dtype=object)
19:41:39.42 .......... matrix2.shape = (10, 5)
19:41:39.42 .......... matrix2.dtype = dtype('O')
19:41:39.42 .......... radius = 5
19:41:39.42   99 |         for i, (x, y, r) in enumerate(row):
19:41:39.43 .............. x = np.uint16(241)
19:41:39.43 .............. x.shape = ()
19:41:39.43 .............. x.dtype = dtype('uint16')
19:41:39.43 .............. y = np.uint16(739)
19:41:39.43 .............. y.shape = ()
19:41:39.43 .............. y.dtype = dtype('uint16')
19:41:39.43 .............. i = 0
19:41:39.43  100 |             mask = np.zeros_like(thresh)
19:41:39.43  101 |             cv2.circle(mask, (x, y), r-2, 255, -1)
19:41:39.43  102 |             total = cv2.countNonZero(mask)
19:41:39.44  103 |             filled = cv2.countNonZero(cv2.bitwise_and(thresh, thresh, mask=mask))
19:41:39.44 .................. filled = 104
19:41:39.44  104 |             ratio = filled / float(total)
19:41:39.45 .................. ratio = 0.10307234886025768
19:41:39.45  105 |             scores.append((ratio, i))
19:41:39.45 .................. scores = [(0.10307234886025768, 0)]
19:41:39.45 .................. len(scores) = 1
19:41:39.45   99 |         for i, (x, y, r) in enumerate(row):
19:41:39.45 .............. x = np.uint16(353)
19:41:39.45 .............. y = np.uint16(737)
19:41:39.45 .............. r = np.uint16(19)
19:41:39.45 .............. i = 1
19:41:39.45  100 |             mask = np.zeros_like(thresh)
19:41:39.45  101 |             cv2.circle(mask, (x, y), r-2, 255, -1)
19:41:39.46  102 |             total = cv2.countNonZero(mask)
19:41:39.46 .................. total = 901
19:41:39.46  103 |             filled = cv2.countNonZero(cv2.bitwise_and(thresh, thresh, mask=mask))
19:41:39.46 .................. filled = 901
19:41:39.46  104 |             ratio = filled / float(total)
19:41:39.47 .................. ratio = 1.0
19:41:39.47  105 |             scores.append((ratio, i))
19:41:39.47 .................. scores = [(0.10307234886025768, 0), (1.0, 1)]
19:41:39.47 .................. len(scores) = 2
19:41:39.47   99 |         for i, (x, y, r) in enumerate(row):
19:41:39.47 .............. x = np.uint16(569)
19:41:39.47 .............. y = np.uint16(739)
19:41:39.47 .............. r = np.uint16(20)
19:41:39.47 .............. i = 2
19:41:39.47  100 |             mask = np.zeros_like(thresh)
19:41:39.48  101 |             cv2.circle(mask, (x, y), r-2, 255, -1)
19:41:39.48  102 |             total = cv2.countNonZero(mask)
19:41:39.48 .................. total = 1009
19:41:39.48  103 |             filled = cv2.countNonZero(cv2.bitwise_and(thresh, thresh, mask=mask))
19:41:39.49 .................. filled = 105
19:41:39.49  104 |             ratio = filled / float(total)
19:41:39.49 .................. ratio = 0.10406342913776016
19:41:39.49  105 |             scores.append((ratio, i))
19:41:39.49 .................. scores = [(0.10307234886025768, 0), (1.0, 1), (0.10406342913776016, 2)]
19:41:39.49 .................. len(scores) = 3
19:41:39.49   99 |         for i, (x, y, r) in enumerate(row):
19:41:39.50 .............. x = np.uint16(1069)
19:41:39.50 .............. i = 3
19:41:39.50  100 |             mask = np.zeros_like(thresh)
19:41:39.50  101 |             cv2.circle(mask, (x, y), r-2, 255, -1)
19:41:39.50  102 |             total = cv2.countNonZero(mask)
19:41:39.51  103 |             filled = cv2.countNonZero(cv2.bitwise_and(thresh, thresh, mask=mask))
19:41:39.51 .................. filled = 932
19:41:39.51  104 |             ratio = filled / float(total)
19:41:39.51 .................. ratio = 0.9236868186323092
19:41:39.51  105 |             scores.append((ratio, i))
19:41:39.52 .................. scores = [(0.10307234886025768, 0), (1.0, 1), (0.10406342913776016, 2), (0.9236868186323092, 3)]
19:41:39.52 .................. len(scores) = 4
19:41:39.52   99 |         for i, (x, y, r) in enumerate(row):
19:41:39.52  107 |         best_ratio, best_idx = max(scores, key=lambda t: t[0])
19:41:39.52 .............. best_ratio = 1.0
19:41:39.52  108 |         ic(scores)
19:41:39.53  110 |         chosen = OPTIONS[best_idx] if best_ratio >= FILL_THRESHOLD else '-'
19:41:39.53  112 |         results.append({
19:41:39.53  113 |             'Questão': q_num,
19:41:39.53  114 |             'Alternativa': chosen,
19:41:39.54  115 |             'Score': round(best_ratio, 2)
19:41:39.54  112 |         results.append({
19:41:39.54 .............. results = [{'Questão': 11, 'Alternativa': 'B', 'Score': 0.98}, {'Questão': 12, 'Alternativa': 'A', 'Score': 1.0}, {'Questão': 13, 'Alternativa': 'C', 'Score': 1.0}, ..., {'Questão': 15, 'Alternativa': 'A', 'Score': 0.99}, {'Questão': 16, 'Alternativa': 'B', 'Score': 1.0}, {'Questão': 17, 'Alternativa': 'B', 'Score': 1.0}]
19:41:39.54 .............. len(results) = 7
19:41:39.54  117 |         ic(results)
19:41:39.55   98 |     with snoop:
19:41:39.56 <<< Exit with block in <module>
19:41:39.56 >>> Enter with block in <module> in File "/home/andvsilva/repo/porphyrio2025/AI/gabarito_answered/readpngcnt.py", line 98
19:41:39.56 .......... __name__ = '__main__'
19:41:39.56 .......... __doc__ = None
19:41:39.56 .......... __package__ = None
19:41:39.56 .......... __loader__ = <_frozen_importlib_external.SourceFileLoader object at 0x7b1857a1d7e0>
19:41:39.56 .......... __spec__ = None
19:41:39.56 .......... __annotations__ = {}
19:41:39.56 .......... __builtins__ = <module 'builtins' (built-in)>
19:41:39.56 .......... __file__ = '/home/andvsilva/repo/porphyrio2025/AI/gabarito_answered/readpngcnt.py'
19:41:39.56 .......... len(__file__) = 69
19:41:39.56 .......... __cached__ = None
19:41:39.56 .......... Path = <class 'pathlib.Path'>
19:41:39.56 .......... cv2 = <module 'cv2' from '/home/andvsilva/.local/lib/python3.10/site-packages/cv2/__init__.py'>
19:41:39.56 .......... np = <module 'numpy' from '/home/andvsilva/.local/lib/python3.10/site-packages/numpy/__init__.py'>
19:41:39.56 .......... np.shape = <function shape at 0x7b18555ac1f0>
19:41:39.56 .......... np.dtype = <class 'numpy.dtype'>
19:41:39.56 .......... os = <module 'os' from '/usr/lib/python3.10/os.py'>
19:41:39.56 .......... csv = <module 'csv' from '/usr/lib/python3.10/csv.py'>
19:41:39.56 .......... pd = <module 'pandas' from '/home/andvsilva/.local/lib/python3.10/site-packages/pandas/__init__.py'>
19:41:39.56 .......... ic = <icecream.icecream.IceCreamDebugger object at 0x7b183373afb0>
19:41:39.56 .......... snoop = <class 'snoop.configuration.Config.__init__.<locals>.ConfiguredTracer'>
19:41:39.56 .......... IMG_PATH = 'edf_cnt_gabarito.png'
19:41:39.56 .......... OUT_CSV = 'gabarito_CNT.csv'
19:41:39.56 .......... OUT_IMG = 'gabarito_final_CNT.png'
19:41:39.56 .......... FILL_THRESHOLD = 0.5
19:41:39.56 .......... K_COLUMNS = 2
19:41:39.56 .......... OPTIONS = ['A', 'B', 'C', 'D', 'E']
19:41:39.56 .......... len(OPTIONS) = 5
19:41:39.56 .......... img_path = PosixPath('edf_cnt_gabarito.png')
19:41:39.56 .......... gray = array([[255, 255, 255, ..., 255, 255, 255],
19:41:39.56                          [255, 255, 255, ..., 255, 255, 255],
19:41:39.56                          [255, 255, 255, ..., 255, 255, 255],
19:41:39.56                          ...,
19:41:39.56                          [255, 255, 255, ..., 255, 255, 255],
19:41:39.56                          [255, 255, 255, ..., 255, 255, 255],
19:41:39.56                          [255, 255, 255, ..., 255, 255, 255]],
19:41:39.56                         shape=(1050, 1600), dtype=uint8)
19:41:39.56 .......... gray.shape = (1050, 1600)
19:41:39.56 .......... gray.dtype = dtype('uint8')
19:41:39.56 .......... _ = 136.0
19:41:39.56 .......... thresh = array([[0, 0, 0, ..., 0, 0, 0],
19:41:39.56                            [0, 0, 0, ..., 0, 0, 0],
19:41:39.56                            [0, 0, 0, ..., 0, 0, 0],
19:41:39.56                            ...,
19:41:39.56                            [0, 0, 0, ..., 0, 0, 0],
19:41:39.56                            [0, 0, 0, ..., 0, 0, 0],
19:41:39.56                            [0, 0, 0, ..., 0, 0, 0]], shape=(1050, 1600), dtype=uint8)
19:41:39.56 .......... thresh.shape = (1050, 1600)
19:41:39.56 .......... thresh.dtype = dtype('uint8')
19:41:39.56 .......... circles = [array([659,  25,  19], dtype=uint16), array([1385,  235,   21], dtype=uint16), array([563, 238,  19], dtype=uint16), ..., array([1387,  985,   19], dtype=uint16), array([1489,  987,   19], dtype=uint16), array([143, 989,  21], dtype=uint16)]
19:41:39.56 .......... len(circles) = 39
19:41:39.56 .......... rows = 10
19:41:39.56 .......... current_row = [(np.uint16(247), np.uint16(985), np.uint16(19)), (np.uint16(565), np.uint16(985), np.uint16(19)), (np.uint16(1067), np.uint16(985), np.uint16(19)), (np.uint16(1387), np.uint16(985), np.uint16(19)), (np.uint16(1489), np.uint16(987), np.uint16(19)), (np.uint16(143), np.uint16(989), np.uint16(21))]
19:41:39.56 .......... len(current_row) = 6
19:41:39.56 .......... last_y = np.float64(987.5)
19:41:39.56 .......... last_y.shape = ()
19:41:39.56 .......... last_y.dtype = dtype('float64')
19:41:39.56 .......... tol = 5
19:41:39.56 .......... x = 1183
19:41:39.56 .......... y = 993
19:41:39.56 .......... r = np.uint16(20)
19:41:39.56 .......... r.shape = ()
19:41:39.56 .......... r.dtype = dtype('uint16')
19:41:39.56 .......... points = [(563, 238), (1385, 235), (353, 321), (1069, 321), ..., (353, 655), (1069, 655), (353, 737), (1069, 739)]
19:41:39.56 .......... len(points) = 14
19:41:39.56 .......... results = [{'Questão': 11, 'Alternativa': 'B', 'Score': 0.98}, {'Questão': 12, 'Alternativa': 'A', 'Score': 1.0}, {'Questão': 13, 'Alternativa': 'C', 'Score': 1.0}, ..., {'Questão': 15, 'Alternativa': 'A', 'Score': 0.99}, {'Questão': 16, 'Alternativa': 'B', 'Score': 1.0}, {'Questão': 17, 'Alternativa': 'B', 'Score': 1.0}]
19:41:39.56 .......... len(results) = 7
19:41:39.56 .......... img_color = array([[[255, 255, 255],
19:41:39.56                                [255, 255, 255],
19:41:39.56                                ...,
19:41:39.56                                [255, 255, 255],
19:41:39.56                                [255, 255, 255]],
19:41:39.56                        
19:41:39.56                               [[255, 255, 255],
19:41:39.56                                [255, 255, 255],
19:41:39.56                                ...,
19:41:39.56                                [255, 255, 255],
19:41:39.56                                [255, 255, 255]],
19:41:39.56                        
19:41:39.56                               ...,
19:41:39.56                        
19:41:39.56                               [[255, 255, 255],
19:41:39.56                                [255, 255, 255],
19:41:39.56                                ...,
19:41:39.56                                [255, 255, 255],
19:41:39.56                                [255, 255, 255]],
19:41:39.56                        
19:41:39.56                               [[255, 255, 255],
19:41:39.56                                [255, 255, 255],
19:41:39.56                                ...,
19:41:39.56                                [255, 255, 255],
19:41:39.56                                [255, 255, 255]]], shape=(1050, 1600, 3), dtype=uint8)
19:41:39.56 .......... img_color.shape = (1050, 1600, 3)
19:41:39.56 .......... img_color.dtype = dtype('uint8')
19:41:39.56 .......... q_num = 18
19:41:39.56 .......... row = [(np.uint16(143), np.uint16(821), np.uint16(19)), (np.uint16(1279), np.uint16(821), np.uint16(19))]
19:41:39.56 .......... len(row) = 2
19:41:39.56 .......... scores = []
19:41:39.56 .......... i = 3
19:41:39.56 .......... mask = array([[0, 0, 0, ..., 0, 0, 0],
19:41:39.56                          [0, 0, 0, ..., 0, 0, 0],
19:41:39.56                          [0, 0, 0, ..., 0, 0, 0],
19:41:39.56                          ...,
19:41:39.56                          [0, 0, 0, ..., 0, 0, 0],
19:41:39.56                          [0, 0, 0, ..., 0, 0, 0],
19:41:39.56                          [0, 0, 0, ..., 0, 0, 0]], shape=(1050, 1600), dtype=uint8)
19:41:39.56 .......... mask.shape = (1050, 1600)
19:41:39.56 .......... mask.dtype = dtype('uint8')
19:41:39.56 .......... total = 1009
19:41:39.56 .......... filled = 932
19:41:39.56 .......... ratio = 0.9236868186323092
19:41:39.56 .......... best_ratio = 1.0
19:41:39.56 .......... best_idx = 1
19:41:39.56 .......... chosen = 'B'
19:41:39.56 .......... index = 2
19:41:39.56 .......... color = (0, 255, 255)
19:41:39.56 .......... len(color) = 3
19:41:39.56 .......... x_alt = 1289
19:41:39.56 .......... icon = 'E'
19:41:39.56 .......... start_point = (750, 741)
19:41:39.56 .......... len(start_point) = 2
19:41:39.56 .......... end_point = (1200, 741)
19:41:39.56 .......... len(end_point) = 2
19:41:39.56 .......... thickness = -1
19:41:39.56 .......... y_alt = 825
19:41:39.56 .......... q = 17
19:41:39.56 .......... cols = 5
19:41:39.56 .......... matrix1 = array([[(141, 237), (247, 237), (353, 237), (459, 237), (565, 237)],
19:41:39.56                             [(141, 321), (247, 321), (353, 321), (459, 321), (565, 321)],
19:41:39.56                             [(141, 405), (247, 405), (353, 405), (459, 405), (565, 405)],
19:41:39.56                             ...,
19:41:39.56                             [(141, 825), (247, 825), (353, 825), (459, 825), (565, 825)],
19:41:39.56                             [(141, 909), (247, 909), (353, 909), (459, 909), (565, 909)],
19:41:39.56                             [(141, 993), (247, 993), (353, 993), (459, 993), (565, 993)]],
19:41:39.56                            shape=(10, 5), dtype=object)
19:41:39.56 .......... matrix1.shape = (10, 5)
19:41:39.56 .......... matrix1.dtype = dtype('O')
19:41:39.56 .......... xcoor = 759
19:41:39.56 .......... ycoor = 1077
19:41:39.56 .......... matrix2 = array([[(759, 237), (865, 237), (971, 237), (1077, 237), (1183, 237)],
19:41:39.56                             [(759, 321), (865, 321), (971, 321), (1077, 321), (1183, 321)],
19:41:39.56                             [(759, 405), (865, 405), (971, 405), (1077, 405), (1183, 405)],
19:41:39.56                             ...,
19:41:39.56                             [(759, 825), (865, 825), (971, 825), (1077, 825), (1183, 825)],
19:41:39.56                             [(759, 909), (865, 909), (971, 909), (1077, 909), (1183, 909)],
19:41:39.56                             [(759, 993), (865, 993), (971, 993), (1077, 993), (1183, 993)]],
19:41:39.56                            shape=(10, 5), dtype=object)
19:41:39.56 .......... matrix2.shape = (10, 5)
19:41:39.56 .......... matrix2.dtype = dtype('O')
19:41:39.56 .......... radius = 5
19:41:39.56   99 |         for i, (x, y, r) in enumerate(row):
19:41:39.57 .............. x = np.uint16(143)
19:41:39.57 .............. x.shape = ()
19:41:39.57 .............. x.dtype = dtype('uint16')
19:41:39.57 .............. y = np.uint16(821)
19:41:39.57 .............. y.shape = ()
19:41:39.57 .............. y.dtype = dtype('uint16')
19:41:39.57 .............. r = np.uint16(19)
19:41:39.57 .............. i = 0
19:41:39.57  100 |             mask = np.zeros_like(thresh)
19:41:39.57  101 |             cv2.circle(mask, (x, y), r-2, 255, -1)
19:41:39.57  102 |             total = cv2.countNonZero(mask)
19:41:39.58 .................. total = 901
19:41:39.58  103 |             filled = cv2.countNonZero(cv2.bitwise_and(thresh, thresh, mask=mask))
19:41:39.58 .................. filled = 851
19:41:39.58  104 |             ratio = filled / float(total)
19:41:39.58 .................. ratio = 0.9445061043285239
19:41:39.58  105 |             scores.append((ratio, i))
19:41:39.59 .................. scores = [(0.9445061043285239, 0)]
19:41:39.59 .................. len(scores) = 1
19:41:39.59   99 |         for i, (x, y, r) in enumerate(row):
19:41:39.59 .............. x = np.uint16(1279)
19:41:39.59 .............. i = 1
19:41:39.59  100 |             mask = np.zeros_like(thresh)
19:41:39.59  101 |             cv2.circle(mask, (x, y), r-2, 255, -1)
19:41:39.60  102 |             total = cv2.countNonZero(mask)
19:41:39.60  103 |             filled = cv2.countNonZero(cv2.bitwise_and(thresh, thresh, mask=mask))
19:41:39.60 .................. filled = 901
19:41:39.60  104 |             ratio = filled / float(total)
19:41:39.61 .................. ratio = 1.0
19:41:39.61  105 |             scores.append((ratio, i))
19:41:39.61 .................. scores = [(0.9445061043285239, 0), (1.0, 1)]
19:41:39.61 .................. len(scores) = 2
19:41:39.61   99 |         for i, (x, y, r) in enumerate(row):
19:41:39.61  107 |         best_ratio, best_idx = max(scores, key=lambda t: t[0])
19:41:39.62  108 |         ic(scores)
19:41:39.62  110 |         chosen = OPTIONS[best_idx] if best_ratio >= FILL_THRESHOLD else '-'
19:41:39.62  112 |         results.append({
19:41:39.63  113 |             'Questão': q_num,
19:41:39.63  114 |             'Alternativa': chosen,
19:41:39.63  115 |             'Score': round(best_ratio, 2)
19:41:39.64  112 |         results.append({
19:41:39.64 .............. results = [{'Questão': 11, 'Alternativa': 'B', 'Score': 0.98}, {'Questão': 12, 'Alternativa': 'A', 'Score': 1.0}, {'Questão': 13, 'Alternativa': 'C', 'Score': 1.0}, ..., {'Questão': 16, 'Alternativa': 'B', 'Score': 1.0}, {'Questão': 17, 'Alternativa': 'B', 'Score': 1.0}, {'Questão': 18, 'Alternativa': 'B', 'Score': 1.0}]
19:41:39.64 .............. len(results) = 8
19:41:39.64  117 |         ic(results)
19:41:39.65   98 |     with snoop:
19:41:39.65 <<< Exit with block in <module>
19:41:39.66 >>> Enter with block in <module> in File "/home/andvsilva/repo/porphyrio2025/AI/gabarito_answered/readpngcnt.py", line 98
19:41:39.66 .......... __name__ = '__main__'
19:41:39.66 .......... __doc__ = None
19:41:39.66 .......... __package__ = None
19:41:39.66 .......... __loader__ = <_frozen_importlib_external.SourceFileLoader object at 0x7b1857a1d7e0>
19:41:39.66 .......... __spec__ = None
19:41:39.66 .......... __annotations__ = {}
19:41:39.66 .......... __builtins__ = <module 'builtins' (built-in)>
19:41:39.66 .......... __file__ = '/home/andvsilva/repo/porphyrio2025/AI/gabarito_answered/readpngcnt.py'
19:41:39.66 .......... len(__file__) = 69
19:41:39.66 .......... __cached__ = None
19:41:39.66 .......... Path = <class 'pathlib.Path'>
19:41:39.66 .......... cv2 = <module 'cv2' from '/home/andvsilva/.local/lib/python3.10/site-packages/cv2/__init__.py'>
19:41:39.66 .......... np = <module 'numpy' from '/home/andvsilva/.local/lib/python3.10/site-packages/numpy/__init__.py'>
19:41:39.66 .......... np.shape = <function shape at 0x7b18555ac1f0>
19:41:39.66 .......... np.dtype = <class 'numpy.dtype'>
19:41:39.66 .......... os = <module 'os' from '/usr/lib/python3.10/os.py'>
19:41:39.66 .......... csv = <module 'csv' from '/usr/lib/python3.10/csv.py'>
19:41:39.66 .......... pd = <module 'pandas' from '/home/andvsilva/.local/lib/python3.10/site-packages/pandas/__init__.py'>
19:41:39.66 .......... ic = <icecream.icecream.IceCreamDebugger object at 0x7b183373afb0>
19:41:39.66 .......... snoop = <class 'snoop.configuration.Config.__init__.<locals>.ConfiguredTracer'>
19:41:39.66 .......... IMG_PATH = 'edf_cnt_gabarito.png'
19:41:39.66 .......... OUT_CSV = 'gabarito_CNT.csv'
19:41:39.66 .......... OUT_IMG = 'gabarito_final_CNT.png'
19:41:39.66 .......... FILL_THRESHOLD = 0.5
19:41:39.66 .......... K_COLUMNS = 2
19:41:39.66 .......... OPTIONS = ['A', 'B', 'C', 'D', 'E']
19:41:39.66 .......... len(OPTIONS) = 5
19:41:39.66 .......... img_path = PosixPath('edf_cnt_gabarito.png')
19:41:39.66 .......... gray = array([[255, 255, 255, ..., 255, 255, 255],
19:41:39.66                          [255, 255, 255, ..., 255, 255, 255],
19:41:39.66                          [255, 255, 255, ..., 255, 255, 255],
19:41:39.66                          ...,
19:41:39.66                          [255, 255, 255, ..., 255, 255, 255],
19:41:39.66                          [255, 255, 255, ..., 255, 255, 255],
19:41:39.66                          [255, 255, 255, ..., 255, 255, 255]],
19:41:39.66                         shape=(1050, 1600), dtype=uint8)
19:41:39.66 .......... gray.shape = (1050, 1600)
19:41:39.66 .......... gray.dtype = dtype('uint8')
19:41:39.66 .......... _ = 136.0
19:41:39.66 .......... thresh = array([[0, 0, 0, ..., 0, 0, 0],
19:41:39.66                            [0, 0, 0, ..., 0, 0, 0],
19:41:39.66                            [0, 0, 0, ..., 0, 0, 0],
19:41:39.66                            ...,
19:41:39.66                            [0, 0, 0, ..., 0, 0, 0],
19:41:39.66                            [0, 0, 0, ..., 0, 0, 0],
19:41:39.66                            [0, 0, 0, ..., 0, 0, 0]], shape=(1050, 1600), dtype=uint8)
19:41:39.66 .......... thresh.shape = (1050, 1600)
19:41:39.66 .......... thresh.dtype = dtype('uint8')
19:41:39.66 .......... circles = [array([659,  25,  19], dtype=uint16), array([1385,  235,   21], dtype=uint16), array([563, 238,  19], dtype=uint16), ..., array([1387,  985,   19], dtype=uint16), array([1489,  987,   19], dtype=uint16), array([143, 989,  21], dtype=uint16)]
19:41:39.66 .......... len(circles) = 39
19:41:39.66 .......... rows = 10
19:41:39.66 .......... current_row = [(np.uint16(247), np.uint16(985), np.uint16(19)), (np.uint16(565), np.uint16(985), np.uint16(19)), (np.uint16(1067), np.uint16(985), np.uint16(19)), (np.uint16(1387), np.uint16(985), np.uint16(19)), (np.uint16(1489), np.uint16(987), np.uint16(19)), (np.uint16(143), np.uint16(989), np.uint16(21))]
19:41:39.66 .......... len(current_row) = 6
19:41:39.66 .......... last_y = np.float64(987.5)
19:41:39.66 .......... last_y.shape = ()
19:41:39.66 .......... last_y.dtype = dtype('float64')
19:41:39.66 .......... tol = 5
19:41:39.66 .......... x = 1183
19:41:39.66 .......... y = 993
19:41:39.66 .......... r = np.uint16(19)
19:41:39.66 .......... r.shape = ()
19:41:39.66 .......... r.dtype = dtype('uint16')
19:41:39.66 .......... points = [(563, 238), (1385, 235), (353, 321), (1069, 321), ..., (353, 737), (1069, 739), (143, 821), (1279, 821)]
19:41:39.66 .......... len(points) = 16
19:41:39.66 .......... results = [{'Questão': 11, 'Alternativa': 'B', 'Score': 0.98}, {'Questão': 12, 'Alternativa': 'A', 'Score': 1.0}, {'Questão': 13, 'Alternativa': 'C', 'Score': 1.0}, ..., {'Questão': 16, 'Alternativa': 'B', 'Score': 1.0}, {'Questão': 17, 'Alternativa': 'B', 'Score': 1.0}, {'Questão': 18, 'Alternativa': 'B', 'Score': 1.0}]
19:41:39.66 .......... len(results) = 8
19:41:39.66 .......... img_color = array([[[255, 255, 255],
19:41:39.66                                [255, 255, 255],
19:41:39.66                                ...,
19:41:39.66                                [255, 255, 255],
19:41:39.66                                [255, 255, 255]],
19:41:39.66                        
19:41:39.66                               [[255, 255, 255],
19:41:39.66                                [255, 255, 255],
19:41:39.66                                ...,
19:41:39.66                                [255, 255, 255],
19:41:39.66                                [255, 255, 255]],
19:41:39.66                        
19:41:39.66                               ...,
19:41:39.66                        
19:41:39.66                               [[255, 255, 255],
19:41:39.66                                [255, 255, 255],
19:41:39.66                                ...,
19:41:39.66                                [255, 255, 255],
19:41:39.66                                [255, 255, 255]],
19:41:39.66                        
19:41:39.66                               [[255, 255, 255],
19:41:39.66                                [255, 255, 255],
19:41:39.66                                ...,
19:41:39.66                                [255, 255, 255],
19:41:39.66                                [255, 255, 255]]], shape=(1050, 1600, 3), dtype=uint8)
19:41:39.66 .......... img_color.shape = (1050, 1600, 3)
19:41:39.66 .......... img_color.dtype = dtype('uint8')
19:41:39.66 .......... q_num = 19
19:41:39.66 .......... row = [(np.uint16(245), np.uint16(907), np.uint16(20)), (np.uint16(353), np.uint16(903), np.uint16(18)), (np.uint16(565), np.uint16(907), np.uint16(20)), (np.uint16(1173), np.uint16(903), np.uint16(19)), (np.uint16(1489), np.uint16(905), np.uint16(19))]
19:41:39.66 .......... len(row) = 5
19:41:39.66 .......... scores = []
19:41:39.66 .......... i = 1
19:41:39.66 .......... mask = array([[0, 0, 0, ..., 0, 0, 0],
19:41:39.66                          [0, 0, 0, ..., 0, 0, 0],
19:41:39.66                          [0, 0, 0, ..., 0, 0, 0],
19:41:39.66                          ...,
19:41:39.66                          [0, 0, 0, ..., 0, 0, 0],
19:41:39.66                          [0, 0, 0, ..., 0, 0, 0],
19:41:39.66                          [0, 0, 0, ..., 0, 0, 0]], shape=(1050, 1600), dtype=uint8)
19:41:39.66 .......... mask.shape = (1050, 1600)
19:41:39.66 .......... mask.dtype = dtype('uint8')
19:41:39.66 .......... total = 901
19:41:39.66 .......... filled = 901
19:41:39.66 .......... ratio = 1.0
19:41:39.66 .......... best_ratio = 1.0
19:41:39.66 .......... best_idx = 1
19:41:39.66 .......... chosen = 'B'
19:41:39.66 .......... index = 2
19:41:39.66 .......... color = (0, 255, 255)
19:41:39.66 .......... len(color) = 3
19:41:39.66 .......... x_alt = 1289
19:41:39.66 .......... icon = 'E'
19:41:39.66 .......... start_point = (750, 741)
19:41:39.66 .......... len(start_point) = 2
19:41:39.66 .......... end_point = (1200, 741)
19:41:39.66 .......... len(end_point) = 2
19:41:39.66 .......... thickness = -1
19:41:39.66 .......... y_alt = 825
19:41:39.66 .......... q = 17
19:41:39.66 .......... cols = 5
19:41:39.66 .......... matrix1 = array([[(141, 237), (247, 237), (353, 237), (459, 237), (565, 237)],
19:41:39.66                             [(141, 321), (247, 321), (353, 321), (459, 321), (565, 321)],
19:41:39.66                             [(141, 405), (247, 405), (353, 405), (459, 405), (565, 405)],
19:41:39.66                             ...,
19:41:39.66                             [(141, 825), (247, 825), (353, 825), (459, 825), (565, 825)],
19:41:39.66                             [(141, 909), (247, 909), (353, 909), (459, 909), (565, 909)],
19:41:39.66                             [(141, 993), (247, 993), (353, 993), (459, 993), (565, 993)]],
19:41:39.66                            shape=(10, 5), dtype=object)
19:41:39.66 .......... matrix1.shape = (10, 5)
19:41:39.66 .......... matrix1.dtype = dtype('O')
19:41:39.66 .......... xcoor = 759
19:41:39.66 .......... ycoor = 1077
19:41:39.66 .......... matrix2 = array([[(759, 237), (865, 237), (971, 237), (1077, 237), (1183, 237)],
19:41:39.66                             [(759, 321), (865, 321), (971, 321), (1077, 321), (1183, 321)],
19:41:39.66                             [(759, 405), (865, 405), (971, 405), (1077, 405), (1183, 405)],
19:41:39.66                             ...,
19:41:39.66                             [(759, 825), (865, 825), (971, 825), (1077, 825), (1183, 825)],
19:41:39.66                             [(759, 909), (865, 909), (971, 909), (1077, 909), (1183, 909)],
19:41:39.66                             [(759, 993), (865, 993), (971, 993), (1077, 993), (1183, 993)]],
19:41:39.66                            shape=(10, 5), dtype=object)
19:41:39.66 .......... matrix2.shape = (10, 5)
19:41:39.66 .......... matrix2.dtype = dtype('O')
19:41:39.66 .......... radius = 5
19:41:39.66   99 |         for i, (x, y, r) in enumerate(row):
19:41:39.66 .............. x = np.uint16(245)
19:41:39.66 .............. x.shape = ()
19:41:39.66 .............. x.dtype = dtype('uint16')
19:41:39.66 .............. y = np.uint16(907)
19:41:39.66 .............. y.shape = ()
19:41:39.66 .............. y.dtype = dtype('uint16')
19:41:39.66 .............. r = np.uint16(20)
19:41:39.66 .............. i = 0
19:41:39.66  100 |             mask = np.zeros_like(thresh)
19:41:39.67  101 |             cv2.circle(mask, (x, y), r-2, 255, -1)
19:41:39.67  102 |             total = cv2.countNonZero(mask)
19:41:39.67 .................. total = 1009
19:41:39.67  103 |             filled = cv2.countNonZero(cv2.bitwise_and(thresh, thresh, mask=mask))
19:41:39.68 .................. filled = 127
19:41:39.68  104 |             ratio = filled / float(total)
19:41:39.68 .................. ratio = 0.12586719524281467
19:41:39.68  105 |             scores.append((ratio, i))
19:41:39.68 .................. scores = [(0.12586719524281467, 0)]
19:41:39.68 .................. len(scores) = 1
19:41:39.68   99 |         for i, (x, y, r) in enumerate(row):
19:41:39.69 .............. x = np.uint16(353)
19:41:39.69 .............. y = np.uint16(903)
19:41:39.69 .............. r = np.uint16(18)
19:41:39.69 .............. i = 1
19:41:39.69  100 |             mask = np.zeros_like(thresh)
19:41:39.69  101 |             cv2.circle(mask, (x, y), r-2, 255, -1)
19:41:39.69  102 |             total = cv2.countNonZero(mask)
19:41:39.70 .................. total = 797
19:41:39.70  103 |             filled = cv2.countNonZero(cv2.bitwise_and(thresh, thresh, mask=mask))
19:41:39.70 .................. filled = 797
19:41:39.70  104 |             ratio = filled / float(total)
19:41:39.70 .................. ratio = 1.0
19:41:39.70  105 |             scores.append((ratio, i))
19:41:39.71 .................. scores = [(0.12586719524281467, 0), (1.0, 1)]
19:41:39.71 .................. len(scores) = 2
19:41:39.71   99 |         for i, (x, y, r) in enumerate(row):
19:41:39.71 .............. x = np.uint16(565)
19:41:39.71 .............. y = np.uint16(907)
19:41:39.71 .............. r = np.uint16(20)
19:41:39.71 .............. i = 2
19:41:39.71  100 |             mask = np.zeros_like(thresh)
19:41:39.71  101 |             cv2.circle(mask, (x, y), r-2, 255, -1)
19:41:39.72  102 |             total = cv2.countNonZero(mask)
19:41:39.72 .................. total = 1009
19:41:39.72  103 |             filled = cv2.countNonZero(cv2.bitwise_and(thresh, thresh, mask=mask))
19:41:39.72 .................. filled = 131
19:41:39.72  104 |             ratio = filled / float(total)
19:41:39.73 .................. ratio = 0.12983151635282458
19:41:39.73  105 |             scores.append((ratio, i))
19:41:39.73 .................. scores = [(0.12586719524281467, 0), (1.0, 1), (0.12983151635282458, 2)]
19:41:39.73 .................. len(scores) = 3
19:41:39.73   99 |         for i, (x, y, r) in enumerate(row):
19:41:39.73 .............. x = np.uint16(1173)
19:41:39.73 .............. y = np.uint16(903)
19:41:39.73 .............. r = np.uint16(19)
19:41:39.73 .............. i = 3
19:41:39.73  100 |             mask = np.zeros_like(thresh)
19:41:39.74  101 |             cv2.circle(mask, (x, y), r-2, 255, -1)
19:41:39.74  102 |             total = cv2.countNonZero(mask)
19:41:39.74 .................. total = 901
19:41:39.74  103 |             filled = cv2.countNonZero(cv2.bitwise_and(thresh, thresh, mask=mask))
19:41:39.75 .................. filled = 895
19:41:39.75  104 |             ratio = filled / float(total)
19:41:39.75 .................. ratio = 0.9933407325194229
19:41:39.75  105 |             scores.append((ratio, i))
19:41:39.75 .................. scores = [(0.12586719524281467, 0), (1.0, 1), (0.12983151635282458, 2), (0.9933407325194229, 3)]
19:41:39.75 .................. len(scores) = 4
19:41:39.75   99 |         for i, (x, y, r) in enumerate(row):
19:41:39.76 .............. x = np.uint16(1489)
19:41:39.76 .............. y = np.uint16(905)
19:41:39.76 .............. i = 4
19:41:39.76  100 |             mask = np.zeros_like(thresh)
19:41:39.76  101 |             cv2.circle(mask, (x, y), r-2, 255, -1)
19:41:39.76  102 |             total = cv2.countNonZero(mask)
19:41:39.77  103 |             filled = cv2.countNonZero(cv2.bitwise_and(thresh, thresh, mask=mask))
19:41:39.77 .................. filled = 102
19:41:39.77  104 |             ratio = filled / float(total)
19:41:39.77 .................. ratio = 0.11320754716981132
19:41:39.77  105 |             scores.append((ratio, i))
19:41:39.78 .................. scores = [(0.12586719524281467, 0), (1.0, 1), (0.12983151635282458, 2), (0.9933407325194229, 3), (0.11320754716981132, 4)]
19:41:39.78 .................. len(scores) = 5
19:41:39.78   99 |         for i, (x, y, r) in enumerate(row):
19:41:39.78  107 |         best_ratio, best_idx = max(scores, key=lambda t: t[0])
19:41:39.78  108 |         ic(scores)
19:41:39.79  110 |         chosen = OPTIONS[best_idx] if best_ratio >= FILL_THRESHOLD else '-'
19:41:39.79  112 |         results.append({
19:41:39.79  113 |             'Questão': q_num,
19:41:39.80  114 |             'Alternativa': chosen,
19:41:39.80  115 |             'Score': round(best_ratio, 2)
19:41:39.80  112 |         results.append({
19:41:39.81 .............. results = [{'Questão': 11, 'Alternativa': 'B', 'Score': 0.98}, {'Questão': 12, 'Alternativa': 'A', 'Score': 1.0}, {'Questão': 13, 'Alternativa': 'C', 'Score': 1.0}, ..., {'Questão': 17, 'Alternativa': 'B', 'Score': 1.0}, {'Questão': 18, 'Alternativa': 'B', 'Score': 1.0}, {'Questão': 19, 'Alternativa': 'B', 'Score': 1.0}]
19:41:39.81 .............. len(results) = 9
19:41:39.81  117 |         ic(results)
19:41:39.82   98 |     with snoop:
19:41:39.82 <<< Exit with block in <module>
19:41:39.83 >>> Enter with block in <module> in File "/home/andvsilva/repo/porphyrio2025/AI/gabarito_answered/readpngcnt.py", line 98
19:41:39.83 .......... __name__ = '__main__'
19:41:39.83 .......... __doc__ = None
19:41:39.83 .......... __package__ = None
19:41:39.83 .......... __loader__ = <_frozen_importlib_external.SourceFileLoader object at 0x7b1857a1d7e0>
19:41:39.83 .......... __spec__ = None
19:41:39.83 .......... __annotations__ = {}
19:41:39.83 .......... __builtins__ = <module 'builtins' (built-in)>
19:41:39.83 .......... __file__ = '/home/andvsilva/repo/porphyrio2025/AI/gabarito_answered/readpngcnt.py'
19:41:39.83 .......... len(__file__) = 69
19:41:39.83 .......... __cached__ = None
19:41:39.83 .......... Path = <class 'pathlib.Path'>
19:41:39.83 .......... cv2 = <module 'cv2' from '/home/andvsilva/.local/lib/python3.10/site-packages/cv2/__init__.py'>
19:41:39.83 .......... np = <module 'numpy' from '/home/andvsilva/.local/lib/python3.10/site-packages/numpy/__init__.py'>
19:41:39.83 .......... np.shape = <function shape at 0x7b18555ac1f0>
19:41:39.83 .......... np.dtype = <class 'numpy.dtype'>
19:41:39.83 .......... os = <module 'os' from '/usr/lib/python3.10/os.py'>
19:41:39.83 .......... csv = <module 'csv' from '/usr/lib/python3.10/csv.py'>
19:41:39.83 .......... pd = <module 'pandas' from '/home/andvsilva/.local/lib/python3.10/site-packages/pandas/__init__.py'>
19:41:39.83 .......... ic = <icecream.icecream.IceCreamDebugger object at 0x7b183373afb0>
19:41:39.83 .......... snoop = <class 'snoop.configuration.Config.__init__.<locals>.ConfiguredTracer'>
19:41:39.83 .......... IMG_PATH = 'edf_cnt_gabarito.png'
19:41:39.83 .......... OUT_CSV = 'gabarito_CNT.csv'
19:41:39.83 .......... OUT_IMG = 'gabarito_final_CNT.png'
19:41:39.83 .......... FILL_THRESHOLD = 0.5
19:41:39.83 .......... K_COLUMNS = 2
19:41:39.83 .......... OPTIONS = ['A', 'B', 'C', 'D', 'E']
19:41:39.83 .......... len(OPTIONS) = 5
19:41:39.83 .......... img_path = PosixPath('edf_cnt_gabarito.png')
19:41:39.83 .......... gray = array([[255, 255, 255, ..., 255, 255, 255],
19:41:39.83                          [255, 255, 255, ..., 255, 255, 255],
19:41:39.83                          [255, 255, 255, ..., 255, 255, 255],
19:41:39.83                          ...,
19:41:39.83                          [255, 255, 255, ..., 255, 255, 255],
19:41:39.83                          [255, 255, 255, ..., 255, 255, 255],
19:41:39.83                          [255, 255, 255, ..., 255, 255, 255]],
19:41:39.83                         shape=(1050, 1600), dtype=uint8)
19:41:39.83 .......... gray.shape = (1050, 1600)
19:41:39.83 .......... gray.dtype = dtype('uint8')
19:41:39.83 .......... _ = 136.0
19:41:39.83 .......... thresh = array([[0, 0, 0, ..., 0, 0, 0],
19:41:39.83                            [0, 0, 0, ..., 0, 0, 0],
19:41:39.83                            [0, 0, 0, ..., 0, 0, 0],
19:41:39.83                            ...,
19:41:39.83                            [0, 0, 0, ..., 0, 0, 0],
19:41:39.83                            [0, 0, 0, ..., 0, 0, 0],
19:41:39.83                            [0, 0, 0, ..., 0, 0, 0]], shape=(1050, 1600), dtype=uint8)
19:41:39.83 .......... thresh.shape = (1050, 1600)
19:41:39.83 .......... thresh.dtype = dtype('uint8')
19:41:39.83 .......... circles = [array([659,  25,  19], dtype=uint16), array([1385,  235,   21], dtype=uint16), array([563, 238,  19], dtype=uint16), ..., array([1387,  985,   19], dtype=uint16), array([1489,  987,   19], dtype=uint16), array([143, 989,  21], dtype=uint16)]
19:41:39.83 .......... len(circles) = 39
19:41:39.83 .......... rows = 10
19:41:39.83 .......... current_row = [(np.uint16(247), np.uint16(985), np.uint16(19)), (np.uint16(565), np.uint16(985), np.uint16(19)), (np.uint16(1067), np.uint16(985), np.uint16(19)), (np.uint16(1387), np.uint16(985), np.uint16(19)), (np.uint16(1489), np.uint16(987), np.uint16(19)), (np.uint16(143), np.uint16(989), np.uint16(21))]
19:41:39.83 .......... len(current_row) = 6
19:41:39.83 .......... last_y = np.float64(987.5)
19:41:39.83 .......... last_y.shape = ()
19:41:39.83 .......... last_y.dtype = dtype('float64')
19:41:39.83 .......... tol = 5
19:41:39.83 .......... x = 1183
19:41:39.83 .......... y = 993
19:41:39.83 .......... r = np.uint16(19)
19:41:39.83 .......... r.shape = ()
19:41:39.83 .......... r.dtype = dtype('uint16')
19:41:39.83 .......... points = [(563, 238), (1385, 235), (353, 321), (1069, 321), ..., (143, 821), (1279, 821), (353, 903), (1173, 903)]
19:41:39.83 .......... len(points) = 18
19:41:39.83 .......... results = [{'Questão': 11, 'Alternativa': 'B', 'Score': 0.98}, {'Questão': 12, 'Alternativa': 'A', 'Score': 1.0}, {'Questão': 13, 'Alternativa': 'C', 'Score': 1.0}, ..., {'Questão': 17, 'Alternativa': 'B', 'Score': 1.0}, {'Questão': 18, 'Alternativa': 'B', 'Score': 1.0}, {'Questão': 19, 'Alternativa': 'B', 'Score': 1.0}]
19:41:39.83 .......... len(results) = 9
19:41:39.83 .......... img_color = array([[[255, 255, 255],
19:41:39.83                                [255, 255, 255],
19:41:39.83                                ...,
19:41:39.83                                [255, 255, 255],
19:41:39.83                                [255, 255, 255]],
19:41:39.83                        
19:41:39.83                               [[255, 255, 255],
19:41:39.83                                [255, 255, 255],
19:41:39.83                                ...,
19:41:39.83                                [255, 255, 255],
19:41:39.83                                [255, 255, 255]],
19:41:39.83                        
19:41:39.83                               ...,
19:41:39.83                        
19:41:39.83                               [[255, 255, 255],
19:41:39.83                                [255, 255, 255],
19:41:39.83                                ...,
19:41:39.83                                [255, 255, 255],
19:41:39.83                                [255, 255, 255]],
19:41:39.83                        
19:41:39.83                               [[255, 255, 255],
19:41:39.83                                [255, 255, 255],
19:41:39.83                                ...,
19:41:39.83                                [255, 255, 255],
19:41:39.83                                [255, 255, 255]]], shape=(1050, 1600, 3), dtype=uint8)
19:41:39.83 .......... img_color.shape = (1050, 1600, 3)
19:41:39.83 .......... img_color.dtype = dtype('uint8')
19:41:39.83 .......... q_num = 20
19:41:39.83 .......... row = [(np.uint16(143), np.uint16(989), np.uint16(21)), (np.uint16(247), np.uint16(985), np.uint16(19)), (np.uint16(565), np.uint16(985), np.uint16(19)), (np.uint16(1067), np.uint16(985), np.uint16(19)), (np.uint16(1387), np.uint16(985), np.uint16(19)), (np.uint16(1489), np.uint16(987), np.uint16(19))]
19:41:39.83 .......... len(row) = 6
19:41:39.83 .......... scores = []
19:41:39.83 .......... i = 4
19:41:39.83 .......... mask = array([[0, 0, 0, ..., 0, 0, 0],
19:41:39.83                          [0, 0, 0, ..., 0, 0, 0],
19:41:39.83                          [0, 0, 0, ..., 0, 0, 0],
19:41:39.83                          ...,
19:41:39.83                          [0, 0, 0, ..., 0, 0, 0],
19:41:39.83                          [0, 0, 0, ..., 0, 0, 0],
19:41:39.83                          [0, 0, 0, ..., 0, 0, 0]], shape=(1050, 1600), dtype=uint8)
19:41:39.83 .......... mask.shape = (1050, 1600)
19:41:39.83 .......... mask.dtype = dtype('uint8')
19:41:39.83 .......... total = 901
19:41:39.83 .......... filled = 102
19:41:39.83 .......... ratio = 0.11320754716981132
19:41:39.83 .......... best_ratio = 1.0
19:41:39.83 .......... best_idx = 1
19:41:39.83 .......... chosen = 'B'
19:41:39.83 .......... index = 2
19:41:39.83 .......... color = (0, 255, 255)
19:41:39.83 .......... len(color) = 3
19:41:39.83 .......... x_alt = 1289
19:41:39.83 .......... icon = 'E'
19:41:39.83 .......... start_point = (750, 741)
19:41:39.83 .......... len(start_point) = 2
19:41:39.83 .......... end_point = (1200, 741)
19:41:39.83 .......... len(end_point) = 2
19:41:39.83 .......... thickness = -1
19:41:39.83 .......... y_alt = 825
19:41:39.83 .......... q = 17
19:41:39.83 .......... cols = 5
19:41:39.83 .......... matrix1 = array([[(141, 237), (247, 237), (353, 237), (459, 237), (565, 237)],
19:41:39.83                             [(141, 321), (247, 321), (353, 321), (459, 321), (565, 321)],
19:41:39.83                             [(141, 405), (247, 405), (353, 405), (459, 405), (565, 405)],
19:41:39.83                             ...,
19:41:39.83                             [(141, 825), (247, 825), (353, 825), (459, 825), (565, 825)],
19:41:39.83                             [(141, 909), (247, 909), (353, 909), (459, 909), (565, 909)],
19:41:39.83                             [(141, 993), (247, 993), (353, 993), (459, 993), (565, 993)]],
19:41:39.83                            shape=(10, 5), dtype=object)
19:41:39.83 .......... matrix1.shape = (10, 5)
19:41:39.83 .......... matrix1.dtype = dtype('O')
19:41:39.83 .......... xcoor = 759
19:41:39.83 .......... ycoor = 1077
19:41:39.83 .......... matrix2 = array([[(759, 237), (865, 237), (971, 237), (1077, 237), (1183, 237)],
19:41:39.83                             [(759, 321), (865, 321), (971, 321), (1077, 321), (1183, 321)],
19:41:39.83                             [(759, 405), (865, 405), (971, 405), (1077, 405), (1183, 405)],
19:41:39.83                             ...,
19:41:39.83                             [(759, 825), (865, 825), (971, 825), (1077, 825), (1183, 825)],
19:41:39.83                             [(759, 909), (865, 909), (971, 909), (1077, 909), (1183, 909)],
19:41:39.83                             [(759, 993), (865, 993), (971, 993), (1077, 993), (1183, 993)]],
19:41:39.83                            shape=(10, 5), dtype=object)
19:41:39.83 .......... matrix2.shape = (10, 5)
19:41:39.83 .......... matrix2.dtype = dtype('O')
19:41:39.83 .......... radius = 5
19:41:39.83   99 |         for i, (x, y, r) in enumerate(row):
19:41:39.83 .............. x = np.uint16(143)
19:41:39.83 .............. x.shape = ()
19:41:39.83 .............. x.dtype = dtype('uint16')
19:41:39.83 .............. y = np.uint16(989)
19:41:39.83 .............. y.shape = ()
19:41:39.83 .............. y.dtype = dtype('uint16')
19:41:39.83 .............. r = np.uint16(21)
19:41:39.83 .............. i = 0
19:41:39.83  100 |             mask = np.zeros_like(thresh)
19:41:39.84  101 |             cv2.circle(mask, (x, y), r-2, 255, -1)
19:41:39.84  102 |             total = cv2.countNonZero(mask)
19:41:39.84 .................. total = 1129
19:41:39.84  103 |             filled = cv2.countNonZero(cv2.bitwise_and(thresh, thresh, mask=mask))
19:41:39.85 .................. filled = 958
19:41:39.85  104 |             ratio = filled / float(total)
19:41:39.85 .................. ratio = 0.8485385296722764
19:41:39.85  105 |             scores.append((ratio, i))
19:41:39.85 .................. scores = [(0.8485385296722764, 0)]
19:41:39.85 .................. len(scores) = 1
19:41:39.85   99 |         for i, (x, y, r) in enumerate(row):
19:41:39.86 .............. x = np.uint16(247)
19:41:39.86 .............. y = np.uint16(985)
19:41:39.86 .............. r = np.uint16(19)
19:41:39.86 .............. i = 1
19:41:39.86  100 |             mask = np.zeros_like(thresh)
19:41:39.86  101 |             cv2.circle(mask, (x, y), r-2, 255, -1)
19:41:39.86  102 |             total = cv2.countNonZero(mask)
19:41:39.87 .................. total = 901
19:41:39.87  103 |             filled = cv2.countNonZero(cv2.bitwise_and(thresh, thresh, mask=mask))
19:41:39.87 .................. filled = 96
19:41:39.87  104 |             ratio = filled / float(total)
19:41:39.87 .................. ratio = 0.10654827968923418
19:41:39.87  105 |             scores.append((ratio, i))
19:41:39.88 .................. scores = [(0.8485385296722764, 0), (0.10654827968923418, 1)]
19:41:39.88 .................. len(scores) = 2
19:41:39.88   99 |         for i, (x, y, r) in enumerate(row):
19:41:39.88 .............. x = np.uint16(565)
19:41:39.88 .............. i = 2
19:41:39.88  100 |             mask = np.zeros_like(thresh)
19:41:39.88  101 |             cv2.circle(mask, (x, y), r-2, 255, -1)
19:41:39.89  102 |             total = cv2.countNonZero(mask)
19:41:39.89  103 |             filled = cv2.countNonZero(cv2.bitwise_and(thresh, thresh, mask=mask))
19:41:39.89 .................. filled = 98
19:41:39.89  104 |             ratio = filled / float(total)
19:41:39.90 .................. ratio = 0.10876803551609324
19:41:39.90  105 |             scores.append((ratio, i))
19:41:39.90 .................. scores = [(0.8485385296722764, 0), (0.10654827968923418, 1), (0.10876803551609324, 2)]
19:41:39.90 .................. len(scores) = 3
19:41:39.90   99 |         for i, (x, y, r) in enumerate(row):
19:41:39.90 .............. x = np.uint16(1067)
19:41:39.90 .............. i = 3
19:41:39.90  100 |             mask = np.zeros_like(thresh)
19:41:39.91  101 |             cv2.circle(mask, (x, y), r-2, 255, -1)
19:41:39.91  102 |             total = cv2.countNonZero(mask)
19:41:39.91  103 |             filled = cv2.countNonZero(cv2.bitwise_and(thresh, thresh, mask=mask))
19:41:39.92 .................. filled = 100
19:41:39.92  104 |             ratio = filled / float(total)
19:41:39.92 .................. ratio = 0.11098779134295228
19:41:39.92  105 |             scores.append((ratio, i))
19:41:39.92 .................. scores = [(0.8485385296722764, 0), (0.10654827968923418, 1), (0.10876803551609324, 2), (0.11098779134295228, 3)]
19:41:39.92 .................. len(scores) = 4
19:41:39.92   99 |         for i, (x, y, r) in enumerate(row):
19:41:39.93 .............. x = np.uint16(1387)
19:41:39.93 .............. i = 4
19:41:39.93  100 |             mask = np.zeros_like(thresh)
19:41:39.93  101 |             cv2.circle(mask, (x, y), r-2, 255, -1)
19:41:39.93  102 |             total = cv2.countNonZero(mask)
19:41:39.94  103 |             filled = cv2.countNonZero(cv2.bitwise_and(thresh, thresh, mask=mask))
19:41:39.94 .................. filled = 102
19:41:39.94  104 |             ratio = filled / float(total)
19:41:39.94 .................. ratio = 0.11320754716981132
19:41:39.94  105 |             scores.append((ratio, i))
19:41:39.95 .................. scores = [(0.8485385296722764, 0), (0.10654827968923418, 1), (0.10876803551609324, 2), (0.11098779134295228, 3), (0.11320754716981132, 4)]
19:41:39.95 .................. len(scores) = 5
19:41:39.95   99 |         for i, (x, y, r) in enumerate(row):
19:41:39.95 .............. x = np.uint16(1489)
19:41:39.95 .............. y = np.uint16(987)
19:41:39.95 .............. i = 5
19:41:39.95  100 |             mask = np.zeros_like(thresh)
19:41:39.95  101 |             cv2.circle(mask, (x, y), r-2, 255, -1)
19:41:39.96  102 |             total = cv2.countNonZero(mask)
19:41:39.96  103 |             filled = cv2.countNonZero(cv2.bitwise_and(thresh, thresh, mask=mask))
19:41:39.97 .................. filled = 867
19:41:39.97  104 |             ratio = filled / float(total)
19:41:39.97 .................. ratio = 0.9622641509433962
19:41:39.97  105 |             scores.append((ratio, i))
19:41:39.97 .................. scores = [(0.8485385296722764, 0), (0.10654827968923418, 1), (0.10876803551609324, 2), (0.11098779134295228, 3), (0.11320754716981132, 4), (0.9622641509433962, 5)]
19:41:39.97 .................. len(scores) = 6
19:41:39.97   99 |         for i, (x, y, r) in enumerate(row):
19:41:39.97  107 |         best_ratio, best_idx = max(scores, key=lambda t: t[0])
19:41:39.98 .............. best_ratio = 0.9622641509433962
19:41:39.98 .............. best_idx = 5
19:41:39.98  108 |         ic(scores)
19:41:39.98  110 |         chosen = OPTIONS[best_idx] if best_ratio >= FILL_THRESHOLD else '-'
19:41:40.03 !!! IndexError: list index out of range
19:41:40.03 !!! When subscripting: OPTIONS[best_idx]
19:41:40.03   98 |     with snoop:
19:41:40.03 <<< Exit with block in <module>
19:42:51.90 >>> Enter with block in <module> in File "/home/andvsilva/repo/porphyrio2025/AI/gabarito_answered/readpngcnt.py", line 98
19:42:51.90 .......... __name__ = '__main__'
19:42:51.90 .......... __doc__ = None
19:42:51.90 .......... __package__ = None
19:42:51.90 .......... __loader__ = <_frozen_importlib_external.SourceFileLoader object at 0x799d20b1d7e0>
19:42:51.90 .......... __spec__ = None
19:42:51.90 .......... __annotations__ = {}
19:42:51.90 .......... __builtins__ = <module 'builtins' (built-in)>
19:42:51.90 .......... __file__ = '/home/andvsilva/repo/porphyrio2025/AI/gabarito_answered/readpngcnt.py'
19:42:51.90 .......... len(__file__) = 69
19:42:51.90 .......... __cached__ = None
19:42:51.90 .......... Path = <class 'pathlib.Path'>
19:42:51.90 .......... cv2 = <module 'cv2' from '/home/andvsilva/.local/lib/python3.10/site-packages/cv2/__init__.py'>
19:42:51.90 .......... np = <module 'numpy' from '/home/andvsilva/.local/lib/python3.10/site-packages/numpy/__init__.py'>
19:42:51.90 .......... np.shape = <function shape at 0x799d1e3ac0b0>
19:42:51.90 .......... np.dtype = <class 'numpy.dtype'>
19:42:51.90 .......... os = <module 'os' from '/usr/lib/python3.10/os.py'>
19:42:51.90 .......... csv = <module 'csv' from '/usr/lib/python3.10/csv.py'>
19:42:51.90 .......... pd = <module 'pandas' from '/home/andvsilva/.local/lib/python3.10/site-packages/pandas/__init__.py'>
19:42:51.90 .......... ic = <icecream.icecream.IceCreamDebugger object at 0x799d008bf070>
19:42:51.90 .......... snoop = <class 'snoop.configuration.Config.__init__.<locals>.ConfiguredTracer'>
19:42:51.90 .......... IMG_PATH = 'edf_cnt_gabarito.png'
19:42:51.90 .......... OUT_CSV = 'gabarito_CNT.csv'
19:42:51.90 .......... OUT_IMG = 'gabarito_final_CNT.png'
19:42:51.90 .......... FILL_THRESHOLD = 0.5
19:42:51.90 .......... K_COLUMNS = 2
19:42:51.90 .......... OPTIONS = ['A', 'B', 'C', 'D', 'E']
19:42:51.90 .......... len(OPTIONS) = 5
19:42:51.90 .......... img_path = PosixPath('edf_cnt_gabarito.png')
19:42:51.90 .......... gray = array([[255, 255, 255, ..., 255, 255, 255],
19:42:51.90                          [255, 255, 255, ..., 255, 255, 255],
19:42:51.90                          [255, 255, 255, ..., 255, 255, 255],
19:42:51.90                          ...,
19:42:51.90                          [255, 255, 255, ..., 255, 255, 255],
19:42:51.90                          [255, 255, 255, ..., 255, 255, 255],
19:42:51.90                          [255, 255, 255, ..., 255, 255, 255]],
19:42:51.90                         shape=(1050, 1600), dtype=uint8)
19:42:51.90 .......... gray.shape = (1050, 1600)
19:42:51.90 .......... gray.dtype = dtype('uint8')
19:42:51.90 .......... _ = 136.0
19:42:51.90 .......... thresh = array([[0, 0, 0, ..., 0, 0, 0],
19:42:51.90                            [0, 0, 0, ..., 0, 0, 0],
19:42:51.90                            [0, 0, 0, ..., 0, 0, 0],
19:42:51.90                            ...,
19:42:51.90                            [0, 0, 0, ..., 0, 0, 0],
19:42:51.90                            [0, 0, 0, ..., 0, 0, 0],
19:42:51.90                            [0, 0, 0, ..., 0, 0, 0]], shape=(1050, 1600), dtype=uint8)
19:42:51.90 .......... thresh.shape = (1050, 1600)
19:42:51.90 .......... thresh.dtype = dtype('uint8')
19:42:51.90 .......... circles = [array([659,  25,  19], dtype=uint16), array([1385,  235,   21], dtype=uint16), array([563, 238,  19], dtype=uint16), ..., array([1387,  985,   19], dtype=uint16), array([1489,  987,   19], dtype=uint16), array([143, 989,  21], dtype=uint16)]
19:42:51.90 .......... len(circles) = 39
19:42:51.90 .......... rows = [[(np.uint16(659), np.uint16(25), np.uint16(19))], [(np.uint16(241), np.uint16(239), np.uint16(19)), (np.uint16(563), np.uint16(238), np.uint16(19)), (np.uint16(1385), np.uint16(235), np.uint16(21))], [(np.uint16(353), np.uint16(321), np.uint16(18)), (np.uint16(1069), np.uint16(321), np.uint16(19)), (np.uint16(1489), np.uint16(323), np.uint16(19))], ..., [(np.uint16(143), np.uint16(821), np.uint16(19)), (np.uint16(1279), np.uint16(821), np.uint16(19))], [(np.uint16(245), np.uint16(907), np.uint16(20)), (np.uint16(353), np.uint16(903), np.uint16(18)), (np.uint16(565), np.uint16(907), np.uint16(20)), (np.uint16(1173), np.uint16(903), np.uint16(19)), (np.uint16(1489), np.uint16(905), np.uint16(19))], [(np.uint16(143), np.uint16(989), np.uint16(21)), (np.uint16(247), np.uint16(985), np.uint16(19)), (np.uint16(565), np.uint16(985), np.uint16(19)), (np.uint16(1067), np.uint16(985), np.uint16(19)), (np.uint16(1387), np.uint16(985), np.uint16(19)), (np.uint16(1489), np.uint16(987), np.uint16(19))]]
19:42:51.90 .......... len(rows) = 11
19:42:51.90 .......... current_row = [(np.uint16(247), np.uint16(985), np.uint16(19)), (np.uint16(565), np.uint16(985), np.uint16(19)), (np.uint16(1067), np.uint16(985), np.uint16(19)), (np.uint16(1387), np.uint16(985), np.uint16(19)), (np.uint16(1489), np.uint16(987), np.uint16(19)), (np.uint16(143), np.uint16(989), np.uint16(21))]
19:42:51.90 .......... len(current_row) = 6
19:42:51.90 .......... last_y = np.float64(987.5)
19:42:51.90 .......... last_y.shape = ()
19:42:51.90 .......... last_y.dtype = dtype('float64')
19:42:51.90 .......... tol = 5
19:42:51.90 .......... x = np.uint16(143)
19:42:51.90 .......... x.shape = ()
19:42:51.90 .......... x.dtype = dtype('uint16')
19:42:51.90 .......... y = np.uint16(989)
19:42:51.90 .......... y.shape = ()
19:42:51.90 .......... y.dtype = dtype('uint16')
19:42:51.90 .......... r = np.uint16(21)
19:42:51.90 .......... r.shape = ()
19:42:51.90 .......... r.dtype = dtype('uint16')
19:42:51.90 .......... points = []
19:42:51.90 .......... results = []
19:42:51.90 .......... img_color = array([[[255, 255, 255],
19:42:51.90                                [255, 255, 255],
19:42:51.90                                ...,
19:42:51.90                                [255, 255, 255],
19:42:51.90                                [255, 255, 255]],
19:42:51.90                        
19:42:51.90                               [[255, 255, 255],
19:42:51.90                                [255, 255, 255],
19:42:51.90                                ...,
19:42:51.90                                [255, 255, 255],
19:42:51.90                                [255, 255, 255]],
19:42:51.90                        
19:42:51.90                               ...,
19:42:51.90                        
19:42:51.90                               [[255, 255, 255],
19:42:51.90                                [255, 255, 255],
19:42:51.90                                ...,
19:42:51.90                                [255, 255, 255],
19:42:51.90                                [255, 255, 255]],
19:42:51.90                        
19:42:51.90                               [[255, 255, 255],
19:42:51.90                                [255, 255, 255],
19:42:51.90                                ...,
19:42:51.90                                [255, 255, 255],
19:42:51.90                                [255, 255, 255]]], shape=(1050, 1600, 3), dtype=uint8)
19:42:51.90 .......... img_color.shape = (1050, 1600, 3)
19:42:51.90 .......... img_color.dtype = dtype('uint8')
19:42:51.90 .......... q_num = 11
19:42:51.90 .......... row = [(np.uint16(241), np.uint16(239), np.uint16(19)), (np.uint16(563), np.uint16(238), np.uint16(19)), (np.uint16(1385), np.uint16(235), np.uint16(21))]
19:42:51.90 .......... len(row) = 3
19:42:51.90 .......... scores = []
19:42:51.91   99 |         for i, (x, y, r) in enumerate(row):
19:42:51.91 .............. x = np.uint16(241)
19:42:51.91 .............. y = np.uint16(239)
19:42:51.91 .............. r = np.uint16(19)
19:42:51.91 .............. i = 0
19:42:51.91  100 |             mask = np.zeros_like(thresh)
19:42:51.91 .................. mask = array([[0, 0, 0, ..., 0, 0, 0],
19:42:51.91                                  [0, 0, 0, ..., 0, 0, 0],
19:42:51.91                                  [0, 0, 0, ..., 0, 0, 0],
19:42:51.91                                  ...,
19:42:51.91                                  [0, 0, 0, ..., 0, 0, 0],
19:42:51.91                                  [0, 0, 0, ..., 0, 0, 0],
19:42:51.91                                  [0, 0, 0, ..., 0, 0, 0]], shape=(1050, 1600), dtype=uint8)
19:42:51.91 .................. mask.shape = (1050, 1600)
19:42:51.91 .................. mask.dtype = dtype('uint8')
19:42:51.91  101 |             cv2.circle(mask, (x, y), r-2, 255, -1)
19:42:51.92  102 |             total = cv2.countNonZero(mask)
19:42:51.92 .................. total = 901
19:42:51.92  103 |             filled = cv2.countNonZero(cv2.bitwise_and(thresh, thresh, mask=mask))
19:42:51.92 .................. filled = 91
19:42:51.92  104 |             ratio = filled / float(total)
19:42:51.92 .................. ratio = 0.10099889012208657
19:42:51.92  105 |             scores.append((ratio, i))
19:42:51.93 .................. scores = [(0.10099889012208657, 0)]
19:42:51.93 .................. len(scores) = 1
19:42:51.93   99 |         for i, (x, y, r) in enumerate(row):
19:42:51.93 .............. x = np.uint16(563)
19:42:51.93 .............. y = np.uint16(238)
19:42:51.93 .............. i = 1
19:42:51.93  100 |             mask = np.zeros_like(thresh)
19:42:51.93  101 |             cv2.circle(mask, (x, y), r-2, 255, -1)
19:42:51.94  102 |             total = cv2.countNonZero(mask)
19:42:51.94  103 |             filled = cv2.countNonZero(cv2.bitwise_and(thresh, thresh, mask=mask))
19:42:51.94 .................. filled = 886
19:42:51.94  104 |             ratio = filled / float(total)
19:42:51.94 .................. ratio = 0.9833518312985572
19:42:51.94  105 |             scores.append((ratio, i))
19:42:51.95 .................. scores = [(0.10099889012208657, 0), (0.9833518312985572, 1)]
19:42:51.95 .................. len(scores) = 2
19:42:51.95   99 |         for i, (x, y, r) in enumerate(row):
19:42:51.95 .............. x = np.uint16(1385)
19:42:51.95 .............. y = np.uint16(235)
19:42:51.95 .............. r = np.uint16(21)
19:42:51.95 .............. i = 2
19:42:51.95  100 |             mask = np.zeros_like(thresh)
19:42:51.95  101 |             cv2.circle(mask, (x, y), r-2, 255, -1)
19:42:51.95  102 |             total = cv2.countNonZero(mask)
19:42:51.96 .................. total = 1129
19:42:51.96  103 |             filled = cv2.countNonZero(cv2.bitwise_and(thresh, thresh, mask=mask))
19:42:51.96 .................. filled = 960
19:42:51.96  104 |             ratio = filled / float(total)
19:42:51.96 .................. ratio = 0.8503100088573959
19:42:51.96  105 |             scores.append((ratio, i))
19:42:51.96 .................. scores = [(0.10099889012208657, 0), (0.9833518312985572, 1), (0.8503100088573959, 2)]
19:42:51.96 .................. len(scores) = 3
19:42:51.96   99 |         for i, (x, y, r) in enumerate(row):
19:42:51.97  107 |         best_ratio, best_idx = max(scores, key=lambda t: t[0])
19:42:51.97 .............. best_ratio = 0.9833518312985572
19:42:51.97 .............. best_idx = 1
19:42:51.97  108 |         ic(scores)
19:42:52.04  109 |         ic(best_ratio, best_idx, q_num)
19:42:52.10  110 |         chosen = OPTIONS[best_idx] if best_ratio >= FILL_THRESHOLD else '-'
19:42:52.11 .............. chosen = 'B'
19:42:52.11  112 |         results.append({
19:42:52.11  113 |             'Questão': q_num,
19:42:52.11  114 |             'Alternativa': chosen,
19:42:52.11  115 |             'Score': round(best_ratio, 2)
19:42:52.12  112 |         results.append({
19:42:52.12 .............. results = [{'Questão': 11, 'Alternativa': 'B', 'Score': 0.98}]
19:42:52.12 .............. len(results) = 1
19:42:52.12  117 |         ic(results)
19:42:52.19   98 |     with snoop:
19:42:52.19 <<< Exit with block in <module>
19:42:52.19 >>> Enter with block in <module> in File "/home/andvsilva/repo/porphyrio2025/AI/gabarito_answered/readpngcnt.py", line 98
19:42:52.19 .......... __name__ = '__main__'
19:42:52.19 .......... __doc__ = None
19:42:52.19 .......... __package__ = None
19:42:52.19 .......... __loader__ = <_frozen_importlib_external.SourceFileLoader object at 0x799d20b1d7e0>
19:42:52.19 .......... __spec__ = None
19:42:52.19 .......... __annotations__ = {}
19:42:52.19 .......... __builtins__ = <module 'builtins' (built-in)>
19:42:52.19 .......... __file__ = '/home/andvsilva/repo/porphyrio2025/AI/gabarito_answered/readpngcnt.py'
19:42:52.19 .......... len(__file__) = 69
19:42:52.19 .......... __cached__ = None
19:42:52.19 .......... Path = <class 'pathlib.Path'>
19:42:52.19 .......... cv2 = <module 'cv2' from '/home/andvsilva/.local/lib/python3.10/site-packages/cv2/__init__.py'>
19:42:52.19 .......... np = <module 'numpy' from '/home/andvsilva/.local/lib/python3.10/site-packages/numpy/__init__.py'>
19:42:52.19 .......... np.shape = <function shape at 0x799d1e3ac0b0>
19:42:52.19 .......... np.dtype = <class 'numpy.dtype'>
19:42:52.19 .......... os = <module 'os' from '/usr/lib/python3.10/os.py'>
19:42:52.19 .......... csv = <module 'csv' from '/usr/lib/python3.10/csv.py'>
19:42:52.19 .......... pd = <module 'pandas' from '/home/andvsilva/.local/lib/python3.10/site-packages/pandas/__init__.py'>
19:42:52.19 .......... ic = <icecream.icecream.IceCreamDebugger object at 0x799d008bf070>
19:42:52.19 .......... snoop = <class 'snoop.configuration.Config.__init__.<locals>.ConfiguredTracer'>
19:42:52.19 .......... IMG_PATH = 'edf_cnt_gabarito.png'
19:42:52.19 .......... OUT_CSV = 'gabarito_CNT.csv'
19:42:52.19 .......... OUT_IMG = 'gabarito_final_CNT.png'
19:42:52.19 .......... FILL_THRESHOLD = 0.5
19:42:52.19 .......... K_COLUMNS = 2
19:42:52.19 .......... OPTIONS = ['A', 'B', 'C', 'D', 'E']
19:42:52.19 .......... len(OPTIONS) = 5
19:42:52.19 .......... img_path = PosixPath('edf_cnt_gabarito.png')
19:42:52.19 .......... gray = array([[255, 255, 255, ..., 255, 255, 255],
19:42:52.19                          [255, 255, 255, ..., 255, 255, 255],
19:42:52.19                          [255, 255, 255, ..., 255, 255, 255],
19:42:52.19                          ...,
19:42:52.19                          [255, 255, 255, ..., 255, 255, 255],
19:42:52.19                          [255, 255, 255, ..., 255, 255, 255],
19:42:52.19                          [255, 255, 255, ..., 255, 255, 255]],
19:42:52.19                         shape=(1050, 1600), dtype=uint8)
19:42:52.19 .......... gray.shape = (1050, 1600)
19:42:52.19 .......... gray.dtype = dtype('uint8')
19:42:52.19 .......... _ = 136.0
19:42:52.19 .......... thresh = array([[0, 0, 0, ..., 0, 0, 0],
19:42:52.19                            [0, 0, 0, ..., 0, 0, 0],
19:42:52.19                            [0, 0, 0, ..., 0, 0, 0],
19:42:52.19                            ...,
19:42:52.19                            [0, 0, 0, ..., 0, 0, 0],
19:42:52.19                            [0, 0, 0, ..., 0, 0, 0],
19:42:52.19                            [0, 0, 0, ..., 0, 0, 0]], shape=(1050, 1600), dtype=uint8)
19:42:52.19 .......... thresh.shape = (1050, 1600)
19:42:52.19 .......... thresh.dtype = dtype('uint8')
19:42:52.19 .......... circles = [array([659,  25,  19], dtype=uint16), array([1385,  235,   21], dtype=uint16), array([563, 238,  19], dtype=uint16), ..., array([1387,  985,   19], dtype=uint16), array([1489,  987,   19], dtype=uint16), array([143, 989,  21], dtype=uint16)]
19:42:52.19 .......... len(circles) = 39
19:42:52.19 .......... rows = 10
19:42:52.19 .......... current_row = [(np.uint16(247), np.uint16(985), np.uint16(19)), (np.uint16(565), np.uint16(985), np.uint16(19)), (np.uint16(1067), np.uint16(985), np.uint16(19)), (np.uint16(1387), np.uint16(985), np.uint16(19)), (np.uint16(1489), np.uint16(987), np.uint16(19)), (np.uint16(143), np.uint16(989), np.uint16(21))]
19:42:52.19 .......... len(current_row) = 6
19:42:52.19 .......... last_y = np.float64(987.5)
19:42:52.19 .......... last_y.shape = ()
19:42:52.19 .......... last_y.dtype = dtype('float64')
19:42:52.19 .......... tol = 5
19:42:52.19 .......... x = 1183
19:42:52.19 .......... y = 993
19:42:52.19 .......... r = np.uint16(21)
19:42:52.19 .......... r.shape = ()
19:42:52.19 .......... r.dtype = dtype('uint16')
19:42:52.19 .......... points = [(563, 238), (1385, 235)]
19:42:52.19 .......... len(points) = 2
19:42:52.19 .......... results = [{'Questão': 11, 'Alternativa': 'B', 'Score': 0.98}]
19:42:52.19 .......... len(results) = 1
19:42:52.19 .......... img_color = array([[[255, 255, 255],
19:42:52.19                                [255, 255, 255],
19:42:52.19                                ...,
19:42:52.19                                [255, 255, 255],
19:42:52.19                                [255, 255, 255]],
19:42:52.19                        
19:42:52.19                               [[255, 255, 255],
19:42:52.19                                [255, 255, 255],
19:42:52.19                                ...,
19:42:52.19                                [255, 255, 255],
19:42:52.19                                [255, 255, 255]],
19:42:52.19                        
19:42:52.19                               ...,
19:42:52.19                        
19:42:52.19                               [[255, 255, 255],
19:42:52.19                                [255, 255, 255],
19:42:52.19                                ...,
19:42:52.19                                [255, 255, 255],
19:42:52.19                                [255, 255, 255]],
19:42:52.19                        
19:42:52.19                               [[255, 255, 255],
19:42:52.19                                [255, 255, 255],
19:42:52.19                                ...,
19:42:52.19                                [255, 255, 255],
19:42:52.19                                [255, 255, 255]]], shape=(1050, 1600, 3), dtype=uint8)
19:42:52.19 .......... img_color.shape = (1050, 1600, 3)
19:42:52.19 .......... img_color.dtype = dtype('uint8')
19:42:52.19 .......... q_num = 12
19:42:52.19 .......... row = [(np.uint16(353), np.uint16(321), np.uint16(18)), (np.uint16(1069), np.uint16(321), np.uint16(19)), (np.uint16(1489), np.uint16(323), np.uint16(19))]
19:42:52.19 .......... len(row) = 3
19:42:52.19 .......... scores = []
19:42:52.19 .......... i = 2
19:42:52.19 .......... mask = array([[0, 0, 0, ..., 0, 0, 0],
19:42:52.19                          [0, 0, 0, ..., 0, 0, 0],
19:42:52.19                          [0, 0, 0, ..., 0, 0, 0],
19:42:52.19                          ...,
19:42:52.19                          [0, 0, 0, ..., 0, 0, 0],
19:42:52.19                          [0, 0, 0, ..., 0, 0, 0],
19:42:52.19                          [0, 0, 0, ..., 0, 0, 0]], shape=(1050, 1600), dtype=uint8)
19:42:52.19 .......... mask.shape = (1050, 1600)
19:42:52.19 .......... mask.dtype = dtype('uint8')
19:42:52.19 .......... total = 1129
19:42:52.19 .......... filled = 960
19:42:52.19 .......... ratio = 0.8503100088573959
19:42:52.19 .......... best_ratio = 0.9833518312985572
19:42:52.19 .......... best_idx = 1
19:42:52.19 .......... chosen = 'B'
19:42:52.19 .......... index = 2
19:42:52.19 .......... color = (0, 255, 255)
19:42:52.19 .......... len(color) = 3
19:42:52.19 .......... x_alt = 1289
19:42:52.19 .......... icon = 'E'
19:42:52.19 .......... start_point = (750, 741)
19:42:52.19 .......... len(start_point) = 2
19:42:52.19 .......... end_point = (1200, 741)
19:42:52.19 .......... len(end_point) = 2
19:42:52.19 .......... thickness = -1
19:42:52.19 .......... y_alt = 825
19:42:52.19 .......... q = 17
19:42:52.19 .......... cols = 5
19:42:52.19 .......... matrix1 = array([[(141, 237), (247, 237), (353, 237), (459, 237), (565, 237)],
19:42:52.19                             [(141, 321), (247, 321), (353, 321), (459, 321), (565, 321)],
19:42:52.19                             [(141, 405), (247, 405), (353, 405), (459, 405), (565, 405)],
19:42:52.19                             ...,
19:42:52.19                             [(141, 825), (247, 825), (353, 825), (459, 825), (565, 825)],
19:42:52.19                             [(141, 909), (247, 909), (353, 909), (459, 909), (565, 909)],
19:42:52.19                             [(141, 993), (247, 993), (353, 993), (459, 993), (565, 993)]],
19:42:52.19                            shape=(10, 5), dtype=object)
19:42:52.19 .......... matrix1.shape = (10, 5)
19:42:52.19 .......... matrix1.dtype = dtype('O')
19:42:52.19 .......... xcoor = 759
19:42:52.19 .......... ycoor = 1077
19:42:52.19 .......... matrix2 = array([[(759, 237), (865, 237), (971, 237), (1077, 237), (1183, 237)],
19:42:52.19                             [(759, 321), (865, 321), (971, 321), (1077, 321), (1183, 321)],
19:42:52.19                             [(759, 405), (865, 405), (971, 405), (1077, 405), (1183, 405)],
19:42:52.19                             ...,
19:42:52.19                             [(759, 825), (865, 825), (971, 825), (1077, 825), (1183, 825)],
19:42:52.19                             [(759, 909), (865, 909), (971, 909), (1077, 909), (1183, 909)],
19:42:52.19                             [(759, 993), (865, 993), (971, 993), (1077, 993), (1183, 993)]],
19:42:52.19                            shape=(10, 5), dtype=object)
19:42:52.19 .......... matrix2.shape = (10, 5)
19:42:52.19 .......... matrix2.dtype = dtype('O')
19:42:52.19 .......... radius = 5
19:42:52.20   99 |         for i, (x, y, r) in enumerate(row):
19:42:52.20 .............. x = np.uint16(353)
19:42:52.20 .............. x.shape = ()
19:42:52.20 .............. x.dtype = dtype('uint16')
19:42:52.20 .............. y = np.uint16(321)
19:42:52.20 .............. y.shape = ()
19:42:52.20 .............. y.dtype = dtype('uint16')
19:42:52.20 .............. r = np.uint16(18)
19:42:52.20 .............. i = 0
19:42:52.20  100 |             mask = np.zeros_like(thresh)
19:42:52.20  101 |             cv2.circle(mask, (x, y), r-2, 255, -1)
19:42:52.20  102 |             total = cv2.countNonZero(mask)
19:42:52.21 .................. total = 797
19:42:52.21  103 |             filled = cv2.countNonZero(cv2.bitwise_and(thresh, thresh, mask=mask))
19:42:52.21 .................. filled = 797
19:42:52.21  104 |             ratio = filled / float(total)
19:42:52.21 .................. ratio = 1.0
19:42:52.21  105 |             scores.append((ratio, i))
19:42:52.22 .................. scores = [(1.0, 0)]
19:42:52.22 .................. len(scores) = 1
19:42:52.22   99 |         for i, (x, y, r) in enumerate(row):
19:42:52.22 .............. x = np.uint16(1069)
19:42:52.22 .............. r = np.uint16(19)
19:42:52.22 .............. i = 1
19:42:52.22  100 |             mask = np.zeros_like(thresh)
19:42:52.22  101 |             cv2.circle(mask, (x, y), r-2, 255, -1)
19:42:52.23  102 |             total = cv2.countNonZero(mask)
19:42:52.23 .................. total = 901
19:42:52.23  103 |             filled = cv2.countNonZero(cv2.bitwise_and(thresh, thresh, mask=mask))
19:42:52.23 .................. filled = 877
19:42:52.23  104 |             ratio = filled / float(total)
19:42:52.24 .................. ratio = 0.9733629300776915
19:42:52.24  105 |             scores.append((ratio, i))
19:42:52.24 .................. scores = [(1.0, 0), (0.9733629300776915, 1)]
19:42:52.24 .................. len(scores) = 2
19:42:52.24   99 |         for i, (x, y, r) in enumerate(row):
19:42:52.24 .............. x = np.uint16(1489)
19:42:52.24 .............. y = np.uint16(323)
19:42:52.24 .............. i = 2
19:42:52.24  100 |             mask = np.zeros_like(thresh)
19:42:52.24  101 |             cv2.circle(mask, (x, y), r-2, 255, -1)
19:42:52.25  102 |             total = cv2.countNonZero(mask)
19:42:52.25  103 |             filled = cv2.countNonZero(cv2.bitwise_and(thresh, thresh, mask=mask))
19:42:52.25 .................. filled = 101
19:42:52.25  104 |             ratio = filled / float(total)
19:42:52.26 .................. ratio = 0.1120976692563818
19:42:52.26  105 |             scores.append((ratio, i))
19:42:52.26 .................. scores = [(1.0, 0), (0.9733629300776915, 1), (0.1120976692563818, 2)]
19:42:52.26 .................. len(scores) = 3
19:42:52.26   99 |         for i, (x, y, r) in enumerate(row):
19:42:52.26  107 |         best_ratio, best_idx = max(scores, key=lambda t: t[0])
19:42:52.27 .............. best_ratio = 1.0
19:42:52.27 .............. best_idx = 0
19:42:52.27  108 |         ic(scores)
19:42:52.27  109 |         ic(best_ratio, best_idx, q_num)
19:42:52.27  110 |         chosen = OPTIONS[best_idx] if best_ratio >= FILL_THRESHOLD else '-'
19:42:52.28 .............. chosen = 'A'
19:42:52.28  112 |         results.append({
19:42:52.28  113 |             'Questão': q_num,
19:42:52.28  114 |             'Alternativa': chosen,
19:42:52.29  115 |             'Score': round(best_ratio, 2)
19:42:52.29  112 |         results.append({
19:42:52.29 .............. results = [{'Questão': 11, 'Alternativa': 'B', 'Score': 0.98}, {'Questão': 12, 'Alternativa': 'A', 'Score': 1.0}]
19:42:52.29 .............. len(results) = 2
19:42:52.29  117 |         ic(results)
19:42:52.30   98 |     with snoop:
19:42:52.30 <<< Exit with block in <module>
19:42:52.30 >>> Enter with block in <module> in File "/home/andvsilva/repo/porphyrio2025/AI/gabarito_answered/readpngcnt.py", line 98
19:42:52.30 .......... __name__ = '__main__'
19:42:52.30 .......... __doc__ = None
19:42:52.30 .......... __package__ = None
19:42:52.30 .......... __loader__ = <_frozen_importlib_external.SourceFileLoader object at 0x799d20b1d7e0>
19:42:52.30 .......... __spec__ = None
19:42:52.30 .......... __annotations__ = {}
19:42:52.30 .......... __builtins__ = <module 'builtins' (built-in)>
19:42:52.30 .......... __file__ = '/home/andvsilva/repo/porphyrio2025/AI/gabarito_answered/readpngcnt.py'
19:42:52.30 .......... len(__file__) = 69
19:42:52.30 .......... __cached__ = None
19:42:52.30 .......... Path = <class 'pathlib.Path'>
19:42:52.30 .......... cv2 = <module 'cv2' from '/home/andvsilva/.local/lib/python3.10/site-packages/cv2/__init__.py'>
19:42:52.30 .......... np = <module 'numpy' from '/home/andvsilva/.local/lib/python3.10/site-packages/numpy/__init__.py'>
19:42:52.30 .......... np.shape = <function shape at 0x799d1e3ac0b0>
19:42:52.30 .......... np.dtype = <class 'numpy.dtype'>
19:42:52.30 .......... os = <module 'os' from '/usr/lib/python3.10/os.py'>
19:42:52.30 .......... csv = <module 'csv' from '/usr/lib/python3.10/csv.py'>
19:42:52.30 .......... pd = <module 'pandas' from '/home/andvsilva/.local/lib/python3.10/site-packages/pandas/__init__.py'>
19:42:52.30 .......... ic = <icecream.icecream.IceCreamDebugger object at 0x799d008bf070>
19:42:52.30 .......... snoop = <class 'snoop.configuration.Config.__init__.<locals>.ConfiguredTracer'>
19:42:52.30 .......... IMG_PATH = 'edf_cnt_gabarito.png'
19:42:52.30 .......... OUT_CSV = 'gabarito_CNT.csv'
19:42:52.30 .......... OUT_IMG = 'gabarito_final_CNT.png'
19:42:52.30 .......... FILL_THRESHOLD = 0.5
19:42:52.30 .......... K_COLUMNS = 2
19:42:52.30 .......... OPTIONS = ['A', 'B', 'C', 'D', 'E']
19:42:52.30 .......... len(OPTIONS) = 5
19:42:52.30 .......... img_path = PosixPath('edf_cnt_gabarito.png')
19:42:52.30 .......... gray = array([[255, 255, 255, ..., 255, 255, 255],
19:42:52.30                          [255, 255, 255, ..., 255, 255, 255],
19:42:52.30                          [255, 255, 255, ..., 255, 255, 255],
19:42:52.30                          ...,
19:42:52.30                          [255, 255, 255, ..., 255, 255, 255],
19:42:52.30                          [255, 255, 255, ..., 255, 255, 255],
19:42:52.30                          [255, 255, 255, ..., 255, 255, 255]],
19:42:52.30                         shape=(1050, 1600), dtype=uint8)
19:42:52.30 .......... gray.shape = (1050, 1600)
19:42:52.30 .......... gray.dtype = dtype('uint8')
19:42:52.30 .......... _ = 136.0
19:42:52.30 .......... thresh = array([[0, 0, 0, ..., 0, 0, 0],
19:42:52.30                            [0, 0, 0, ..., 0, 0, 0],
19:42:52.30                            [0, 0, 0, ..., 0, 0, 0],
19:42:52.30                            ...,
19:42:52.30                            [0, 0, 0, ..., 0, 0, 0],
19:42:52.30                            [0, 0, 0, ..., 0, 0, 0],
19:42:52.30                            [0, 0, 0, ..., 0, 0, 0]], shape=(1050, 1600), dtype=uint8)
19:42:52.30 .......... thresh.shape = (1050, 1600)
19:42:52.30 .......... thresh.dtype = dtype('uint8')
19:42:52.30 .......... circles = [array([659,  25,  19], dtype=uint16), array([1385,  235,   21], dtype=uint16), array([563, 238,  19], dtype=uint16), ..., array([1387,  985,   19], dtype=uint16), array([1489,  987,   19], dtype=uint16), array([143, 989,  21], dtype=uint16)]
19:42:52.30 .......... len(circles) = 39
19:42:52.30 .......... rows = 10
19:42:52.30 .......... current_row = [(np.uint16(247), np.uint16(985), np.uint16(19)), (np.uint16(565), np.uint16(985), np.uint16(19)), (np.uint16(1067), np.uint16(985), np.uint16(19)), (np.uint16(1387), np.uint16(985), np.uint16(19)), (np.uint16(1489), np.uint16(987), np.uint16(19)), (np.uint16(143), np.uint16(989), np.uint16(21))]
19:42:52.30 .......... len(current_row) = 6
19:42:52.30 .......... last_y = np.float64(987.5)
19:42:52.30 .......... last_y.shape = ()
19:42:52.30 .......... last_y.dtype = dtype('float64')
19:42:52.30 .......... tol = 5
19:42:52.30 .......... x = 1183
19:42:52.30 .......... y = 993
19:42:52.30 .......... r = np.uint16(19)
19:42:52.30 .......... r.shape = ()
19:42:52.30 .......... r.dtype = dtype('uint16')
19:42:52.30 .......... points = [(563, 238), (1385, 235), (353, 321), (1069, 321)]
19:42:52.30 .......... len(points) = 4
19:42:52.30 .......... results = [{'Questão': 11, 'Alternativa': 'B', 'Score': 0.98}, {'Questão': 12, 'Alternativa': 'A', 'Score': 1.0}]
19:42:52.30 .......... len(results) = 2
19:42:52.30 .......... img_color = array([[[255, 255, 255],
19:42:52.30                                [255, 255, 255],
19:42:52.30                                ...,
19:42:52.30                                [255, 255, 255],
19:42:52.30                                [255, 255, 255]],
19:42:52.30                        
19:42:52.30                               [[255, 255, 255],
19:42:52.30                                [255, 255, 255],
19:42:52.30                                ...,
19:42:52.30                                [255, 255, 255],
19:42:52.30                                [255, 255, 255]],
19:42:52.30                        
19:42:52.30                               ...,
19:42:52.30                        
19:42:52.30                               [[255, 255, 255],
19:42:52.30                                [255, 255, 255],
19:42:52.30                                ...,
19:42:52.30                                [255, 255, 255],
19:42:52.30                                [255, 255, 255]],
19:42:52.30                        
19:42:52.30                               [[255, 255, 255],
19:42:52.30                                [255, 255, 255],
19:42:52.30                                ...,
19:42:52.30                                [255, 255, 255],
19:42:52.30                                [255, 255, 255]]], shape=(1050, 1600, 3), dtype=uint8)
19:42:52.30 .......... img_color.shape = (1050, 1600, 3)
19:42:52.30 .......... img_color.dtype = dtype('uint8')
19:42:52.30 .......... q_num = 13
19:42:52.30 .......... row = [(np.uint16(143), np.uint16(403), np.uint16(20)), (np.uint16(1063), np.uint16(407), np.uint16(19)), (np.uint16(1279), np.uint16(405), np.uint16(19))]
19:42:52.30 .......... len(row) = 3
19:42:52.30 .......... scores = []
19:42:52.30 .......... i = 2
19:42:52.30 .......... mask = array([[0, 0, 0, ..., 0, 0, 0],
19:42:52.30                          [0, 0, 0, ..., 0, 0, 0],
19:42:52.30                          [0, 0, 0, ..., 0, 0, 0],
19:42:52.30                          ...,
19:42:52.30                          [0, 0, 0, ..., 0, 0, 0],
19:42:52.30                          [0, 0, 0, ..., 0, 0, 0],
19:42:52.30                          [0, 0, 0, ..., 0, 0, 0]], shape=(1050, 1600), dtype=uint8)
19:42:52.30 .......... mask.shape = (1050, 1600)
19:42:52.30 .......... mask.dtype = dtype('uint8')
19:42:52.30 .......... total = 901
19:42:52.30 .......... filled = 101
19:42:52.30 .......... ratio = 0.1120976692563818
19:42:52.30 .......... best_ratio = 1.0
19:42:52.30 .......... best_idx = 0
19:42:52.30 .......... chosen = 'A'
19:42:52.30 .......... index = 2
19:42:52.30 .......... color = (0, 255, 255)
19:42:52.30 .......... len(color) = 3
19:42:52.30 .......... x_alt = 1289
19:42:52.30 .......... icon = 'E'
19:42:52.30 .......... start_point = (750, 741)
19:42:52.30 .......... len(start_point) = 2
19:42:52.30 .......... end_point = (1200, 741)
19:42:52.30 .......... len(end_point) = 2
19:42:52.30 .......... thickness = -1
19:42:52.30 .......... y_alt = 825
19:42:52.30 .......... q = 17
19:42:52.30 .......... cols = 5
19:42:52.30 .......... matrix1 = array([[(141, 237), (247, 237), (353, 237), (459, 237), (565, 237)],
19:42:52.30                             [(141, 321), (247, 321), (353, 321), (459, 321), (565, 321)],
19:42:52.30                             [(141, 405), (247, 405), (353, 405), (459, 405), (565, 405)],
19:42:52.30                             ...,
19:42:52.30                             [(141, 825), (247, 825), (353, 825), (459, 825), (565, 825)],
19:42:52.30                             [(141, 909), (247, 909), (353, 909), (459, 909), (565, 909)],
19:42:52.30                             [(141, 993), (247, 993), (353, 993), (459, 993), (565, 993)]],
19:42:52.30                            shape=(10, 5), dtype=object)
19:42:52.30 .......... matrix1.shape = (10, 5)
19:42:52.30 .......... matrix1.dtype = dtype('O')
19:42:52.30 .......... xcoor = 759
19:42:52.30 .......... ycoor = 1077
19:42:52.30 .......... matrix2 = array([[(759, 237), (865, 237), (971, 237), (1077, 237), (1183, 237)],
19:42:52.30                             [(759, 321), (865, 321), (971, 321), (1077, 321), (1183, 321)],
19:42:52.30                             [(759, 405), (865, 405), (971, 405), (1077, 405), (1183, 405)],
19:42:52.30                             ...,
19:42:52.30                             [(759, 825), (865, 825), (971, 825), (1077, 825), (1183, 825)],
19:42:52.30                             [(759, 909), (865, 909), (971, 909), (1077, 909), (1183, 909)],
19:42:52.30                             [(759, 993), (865, 993), (971, 993), (1077, 993), (1183, 993)]],
19:42:52.30                            shape=(10, 5), dtype=object)
19:42:52.30 .......... matrix2.shape = (10, 5)
19:42:52.30 .......... matrix2.dtype = dtype('O')
19:42:52.30 .......... radius = 5
19:42:52.31   99 |         for i, (x, y, r) in enumerate(row):
19:42:52.31 .............. x = np.uint16(143)
19:42:52.31 .............. x.shape = ()
19:42:52.31 .............. x.dtype = dtype('uint16')
19:42:52.31 .............. y = np.uint16(403)
19:42:52.31 .............. y.shape = ()
19:42:52.31 .............. y.dtype = dtype('uint16')
19:42:52.31 .............. r = np.uint16(20)
19:42:52.31 .............. i = 0
19:42:52.31  100 |             mask = np.zeros_like(thresh)
19:42:52.31  101 |             cv2.circle(mask, (x, y), r-2, 255, -1)
19:42:52.32  102 |             total = cv2.countNonZero(mask)
19:42:52.32 .................. total = 1009
19:42:52.32  103 |             filled = cv2.countNonZero(cv2.bitwise_and(thresh, thresh, mask=mask))
19:42:52.32 .................. filled = 914
19:42:52.32  104 |             ratio = filled / float(total)
19:42:52.33 .................. ratio = 0.9058473736372646
19:42:52.33  105 |             scores.append((ratio, i))
19:42:52.33 .................. scores = [(0.9058473736372646, 0)]
19:42:52.33 .................. len(scores) = 1
19:42:52.33   99 |         for i, (x, y, r) in enumerate(row):
19:42:52.33 .............. x = np.uint16(1063)
19:42:52.33 .............. y = np.uint16(407)
19:42:52.33 .............. r = np.uint16(19)
19:42:52.33 .............. i = 1
19:42:52.33  100 |             mask = np.zeros_like(thresh)
19:42:52.34  101 |             cv2.circle(mask, (x, y), r-2, 255, -1)
19:42:52.34  102 |             total = cv2.countNonZero(mask)
19:42:52.34 .................. total = 901
19:42:52.34  103 |             filled = cv2.countNonZero(cv2.bitwise_and(thresh, thresh, mask=mask))
19:42:52.34 .................. filled = 92
19:42:52.34  104 |             ratio = filled / float(total)
19:42:52.35 .................. ratio = 0.10210876803551609
19:42:52.35  105 |             scores.append((ratio, i))
19:42:52.35 .................. scores = [(0.9058473736372646, 0), (0.10210876803551609, 1)]
19:42:52.35 .................. len(scores) = 2
19:42:52.35   99 |         for i, (x, y, r) in enumerate(row):
19:42:52.35 .............. x = np.uint16(1279)
19:42:52.35 .............. y = np.uint16(405)
19:42:52.35 .............. i = 2
19:42:52.35  100 |             mask = np.zeros_like(thresh)
19:42:52.36  101 |             cv2.circle(mask, (x, y), r-2, 255, -1)
19:42:52.36  102 |             total = cv2.countNonZero(mask)
19:42:52.36  103 |             filled = cv2.countNonZero(cv2.bitwise_and(thresh, thresh, mask=mask))
19:42:52.37 .................. filled = 901
19:42:52.37  104 |             ratio = filled / float(total)
19:42:52.37 .................. ratio = 1.0
19:42:52.37  105 |             scores.append((ratio, i))
19:42:52.37 .................. scores = [(0.9058473736372646, 0), (0.10210876803551609, 1), (1.0, 2)]
19:42:52.37 .................. len(scores) = 3
19:42:52.37   99 |         for i, (x, y, r) in enumerate(row):
19:42:52.37  107 |         best_ratio, best_idx = max(scores, key=lambda t: t[0])
19:42:52.38 .............. best_idx = 2
19:42:52.38  108 |         ic(scores)
19:42:52.38  109 |         ic(best_ratio, best_idx, q_num)
19:42:52.39  110 |         chosen = OPTIONS[best_idx] if best_ratio >= FILL_THRESHOLD else '-'
19:42:52.39 .............. chosen = 'C'
19:42:52.39  112 |         results.append({
19:42:52.39  113 |             'Questão': q_num,
19:42:52.39  114 |             'Alternativa': chosen,
19:42:52.40  115 |             'Score': round(best_ratio, 2)
19:42:52.40  112 |         results.append({
19:42:52.40 .............. results = [{'Questão': 11, 'Alternativa': 'B', 'Score': 0.98}, {'Questão': 12, 'Alternativa': 'A', 'Score': 1.0}, {'Questão': 13, 'Alternativa': 'C', 'Score': 1.0}]
19:42:52.40 .............. len(results) = 3
19:42:52.40  117 |         ic(results)
19:42:52.41   98 |     with snoop:
19:42:52.41 <<< Exit with block in <module>
19:42:52.42 >>> Enter with block in <module> in File "/home/andvsilva/repo/porphyrio2025/AI/gabarito_answered/readpngcnt.py", line 98
19:42:52.42 .......... __name__ = '__main__'
19:42:52.42 .......... __doc__ = None
19:42:52.42 .......... __package__ = None
19:42:52.42 .......... __loader__ = <_frozen_importlib_external.SourceFileLoader object at 0x799d20b1d7e0>
19:42:52.42 .......... __spec__ = None
19:42:52.42 .......... __annotations__ = {}
19:42:52.42 .......... __builtins__ = <module 'builtins' (built-in)>
19:42:52.42 .......... __file__ = '/home/andvsilva/repo/porphyrio2025/AI/gabarito_answered/readpngcnt.py'
19:42:52.42 .......... len(__file__) = 69
19:42:52.42 .......... __cached__ = None
19:42:52.42 .......... Path = <class 'pathlib.Path'>
19:42:52.42 .......... cv2 = <module 'cv2' from '/home/andvsilva/.local/lib/python3.10/site-packages/cv2/__init__.py'>
19:42:52.42 .......... np = <module 'numpy' from '/home/andvsilva/.local/lib/python3.10/site-packages/numpy/__init__.py'>
19:42:52.42 .......... np.shape = <function shape at 0x799d1e3ac0b0>
19:42:52.42 .......... np.dtype = <class 'numpy.dtype'>
19:42:52.42 .......... os = <module 'os' from '/usr/lib/python3.10/os.py'>
19:42:52.42 .......... csv = <module 'csv' from '/usr/lib/python3.10/csv.py'>
19:42:52.42 .......... pd = <module 'pandas' from '/home/andvsilva/.local/lib/python3.10/site-packages/pandas/__init__.py'>
19:42:52.42 .......... ic = <icecream.icecream.IceCreamDebugger object at 0x799d008bf070>
19:42:52.42 .......... snoop = <class 'snoop.configuration.Config.__init__.<locals>.ConfiguredTracer'>
19:42:52.42 .......... IMG_PATH = 'edf_cnt_gabarito.png'
19:42:52.42 .......... OUT_CSV = 'gabarito_CNT.csv'
19:42:52.42 .......... OUT_IMG = 'gabarito_final_CNT.png'
19:42:52.42 .......... FILL_THRESHOLD = 0.5
19:42:52.42 .......... K_COLUMNS = 2
19:42:52.42 .......... OPTIONS = ['A', 'B', 'C', 'D', 'E']
19:42:52.42 .......... len(OPTIONS) = 5
19:42:52.42 .......... img_path = PosixPath('edf_cnt_gabarito.png')
19:42:52.42 .......... gray = array([[255, 255, 255, ..., 255, 255, 255],
19:42:52.42                          [255, 255, 255, ..., 255, 255, 255],
19:42:52.42                          [255, 255, 255, ..., 255, 255, 255],
19:42:52.42                          ...,
19:42:52.42                          [255, 255, 255, ..., 255, 255, 255],
19:42:52.42                          [255, 255, 255, ..., 255, 255, 255],
19:42:52.42                          [255, 255, 255, ..., 255, 255, 255]],
19:42:52.42                         shape=(1050, 1600), dtype=uint8)
19:42:52.42 .......... gray.shape = (1050, 1600)
19:42:52.42 .......... gray.dtype = dtype('uint8')
19:42:52.42 .......... _ = 136.0
19:42:52.42 .......... thresh = array([[0, 0, 0, ..., 0, 0, 0],
19:42:52.42                            [0, 0, 0, ..., 0, 0, 0],
19:42:52.42                            [0, 0, 0, ..., 0, 0, 0],
19:42:52.42                            ...,
19:42:52.42                            [0, 0, 0, ..., 0, 0, 0],
19:42:52.42                            [0, 0, 0, ..., 0, 0, 0],
19:42:52.42                            [0, 0, 0, ..., 0, 0, 0]], shape=(1050, 1600), dtype=uint8)
19:42:52.42 .......... thresh.shape = (1050, 1600)
19:42:52.42 .......... thresh.dtype = dtype('uint8')
19:42:52.42 .......... circles = [array([659,  25,  19], dtype=uint16), array([1385,  235,   21], dtype=uint16), array([563, 238,  19], dtype=uint16), ..., array([1387,  985,   19], dtype=uint16), array([1489,  987,   19], dtype=uint16), array([143, 989,  21], dtype=uint16)]
19:42:52.42 .......... len(circles) = 39
19:42:52.42 .......... rows = 10
19:42:52.42 .......... current_row = [(np.uint16(247), np.uint16(985), np.uint16(19)), (np.uint16(565), np.uint16(985), np.uint16(19)), (np.uint16(1067), np.uint16(985), np.uint16(19)), (np.uint16(1387), np.uint16(985), np.uint16(19)), (np.uint16(1489), np.uint16(987), np.uint16(19)), (np.uint16(143), np.uint16(989), np.uint16(21))]
19:42:52.42 .......... len(current_row) = 6
19:42:52.42 .......... last_y = np.float64(987.5)
19:42:52.42 .......... last_y.shape = ()
19:42:52.42 .......... last_y.dtype = dtype('float64')
19:42:52.42 .......... tol = 5
19:42:52.42 .......... x = 1183
19:42:52.42 .......... y = 993
19:42:52.42 .......... r = np.uint16(19)
19:42:52.42 .......... r.shape = ()
19:42:52.42 .......... r.dtype = dtype('uint16')
19:42:52.42 .......... points = [(563, 238), (1385, 235), (353, 321), (1069, 321), (143, 403), (1279, 405)]
19:42:52.42 .......... len(points) = 6
19:42:52.42 .......... results = [{'Questão': 11, 'Alternativa': 'B', 'Score': 0.98}, {'Questão': 12, 'Alternativa': 'A', 'Score': 1.0}, {'Questão': 13, 'Alternativa': 'C', 'Score': 1.0}]
19:42:52.42 .......... len(results) = 3
19:42:52.42 .......... img_color = array([[[255, 255, 255],
19:42:52.42                                [255, 255, 255],
19:42:52.42                                ...,
19:42:52.42                                [255, 255, 255],
19:42:52.42                                [255, 255, 255]],
19:42:52.42                        
19:42:52.42                               [[255, 255, 255],
19:42:52.42                                [255, 255, 255],
19:42:52.42                                ...,
19:42:52.42                                [255, 255, 255],
19:42:52.42                                [255, 255, 255]],
19:42:52.42                        
19:42:52.42                               ...,
19:42:52.42                        
19:42:52.42                               [[255, 255, 255],
19:42:52.42                                [255, 255, 255],
19:42:52.42                                ...,
19:42:52.42                                [255, 255, 255],
19:42:52.42                                [255, 255, 255]],
19:42:52.42                        
19:42:52.42                               [[255, 255, 255],
19:42:52.42                                [255, 255, 255],
19:42:52.42                                ...,
19:42:52.42                                [255, 255, 255],
19:42:52.42                                [255, 255, 255]]], shape=(1050, 1600, 3), dtype=uint8)
19:42:52.42 .......... img_color.shape = (1050, 1600, 3)
19:42:52.42 .......... img_color.dtype = dtype('uint8')
19:42:52.42 .......... q_num = 14
19:42:52.42 .......... row = [(np.uint16(458), np.uint16(488), np.uint16(18)), (np.uint16(565), np.uint16(487), np.uint16(19)), (np.uint16(1067), np.uint16(491), np.uint16(20)), (np.uint16(1173), np.uint16(487), np.uint16(19))]
19:42:52.42 .......... len(row) = 4
19:42:52.42 .......... scores = []
19:42:52.42 .......... i = 2
19:42:52.42 .......... mask = array([[0, 0, 0, ..., 0, 0, 0],
19:42:52.42                          [0, 0, 0, ..., 0, 0, 0],
19:42:52.42                          [0, 0, 0, ..., 0, 0, 0],
19:42:52.42                          ...,
19:42:52.42                          [0, 0, 0, ..., 0, 0, 0],
19:42:52.42                          [0, 0, 0, ..., 0, 0, 0],
19:42:52.42                          [0, 0, 0, ..., 0, 0, 0]], shape=(1050, 1600), dtype=uint8)
19:42:52.42 .......... mask.shape = (1050, 1600)
19:42:52.42 .......... mask.dtype = dtype('uint8')
19:42:52.42 .......... total = 901
19:42:52.42 .......... filled = 901
19:42:52.42 .......... ratio = 1.0
19:42:52.42 .......... best_ratio = 1.0
19:42:52.42 .......... best_idx = 2
19:42:52.42 .......... chosen = 'C'
19:42:52.42 .......... index = 2
19:42:52.42 .......... color = (0, 255, 255)
19:42:52.42 .......... len(color) = 3
19:42:52.42 .......... x_alt = 1289
19:42:52.42 .......... icon = 'E'
19:42:52.42 .......... start_point = (750, 741)
19:42:52.42 .......... len(start_point) = 2
19:42:52.42 .......... end_point = (1200, 741)
19:42:52.42 .......... len(end_point) = 2
19:42:52.42 .......... thickness = -1
19:42:52.42 .......... y_alt = 825
19:42:52.42 .......... q = 17
19:42:52.42 .......... cols = 5
19:42:52.42 .......... matrix1 = array([[(141, 237), (247, 237), (353, 237), (459, 237), (565, 237)],
19:42:52.42                             [(141, 321), (247, 321), (353, 321), (459, 321), (565, 321)],
19:42:52.42                             [(141, 405), (247, 405), (353, 405), (459, 405), (565, 405)],
19:42:52.42                             ...,
19:42:52.42                             [(141, 825), (247, 825), (353, 825), (459, 825), (565, 825)],
19:42:52.42                             [(141, 909), (247, 909), (353, 909), (459, 909), (565, 909)],
19:42:52.42                             [(141, 993), (247, 993), (353, 993), (459, 993), (565, 993)]],
19:42:52.42                            shape=(10, 5), dtype=object)
19:42:52.42 .......... matrix1.shape = (10, 5)
19:42:52.42 .......... matrix1.dtype = dtype('O')
19:42:52.42 .......... xcoor = 759
19:42:52.42 .......... ycoor = 1077
19:42:52.42 .......... matrix2 = array([[(759, 237), (865, 237), (971, 237), (1077, 237), (1183, 237)],
19:42:52.42                             [(759, 321), (865, 321), (971, 321), (1077, 321), (1183, 321)],
19:42:52.42                             [(759, 405), (865, 405), (971, 405), (1077, 405), (1183, 405)],
19:42:52.42                             ...,
19:42:52.42                             [(759, 825), (865, 825), (971, 825), (1077, 825), (1183, 825)],
19:42:52.42                             [(759, 909), (865, 909), (971, 909), (1077, 909), (1183, 909)],
19:42:52.42                             [(759, 993), (865, 993), (971, 993), (1077, 993), (1183, 993)]],
19:42:52.42                            shape=(10, 5), dtype=object)
19:42:52.42 .......... matrix2.shape = (10, 5)
19:42:52.42 .......... matrix2.dtype = dtype('O')
19:42:52.42 .......... radius = 5
19:42:52.42   99 |         for i, (x, y, r) in enumerate(row):
19:42:52.42 .............. x = np.uint16(458)
19:42:52.42 .............. x.shape = ()
19:42:52.42 .............. x.dtype = dtype('uint16')
19:42:52.42 .............. y = np.uint16(488)
19:42:52.42 .............. y.shape = ()
19:42:52.42 .............. y.dtype = dtype('uint16')
19:42:52.42 .............. r = np.uint16(18)
19:42:52.42 .............. i = 0
19:42:52.42  100 |             mask = np.zeros_like(thresh)
19:42:52.43  101 |             cv2.circle(mask, (x, y), r-2, 255, -1)
19:42:52.43  102 |             total = cv2.countNonZero(mask)
19:42:52.43 .................. total = 797
19:42:52.43  103 |             filled = cv2.countNonZero(cv2.bitwise_and(thresh, thresh, mask=mask))
19:42:52.44 .................. filled = 797
19:42:52.44  104 |             ratio = filled / float(total)
19:42:52.44  105 |             scores.append((ratio, i))
19:42:52.44 .................. scores = [(1.0, 0)]
19:42:52.44 .................. len(scores) = 1
19:42:52.44   99 |         for i, (x, y, r) in enumerate(row):
19:42:52.45 .............. x = np.uint16(565)
19:42:52.45 .............. y = np.uint16(487)
19:42:52.45 .............. r = np.uint16(19)
19:42:52.45 .............. i = 1
19:42:52.45  100 |             mask = np.zeros_like(thresh)
19:42:52.45  101 |             cv2.circle(mask, (x, y), r-2, 255, -1)
19:42:52.45  102 |             total = cv2.countNonZero(mask)
19:42:52.45 .................. total = 901
19:42:52.45  103 |             filled = cv2.countNonZero(cv2.bitwise_and(thresh, thresh, mask=mask))
19:42:52.46 .................. filled = 111
19:42:52.46  104 |             ratio = filled / float(total)
19:42:52.46 .................. ratio = 0.12319644839067703
19:42:52.46  105 |             scores.append((ratio, i))
19:42:52.46 .................. scores = [(1.0, 0), (0.12319644839067703, 1)]
19:42:52.46 .................. len(scores) = 2
19:42:52.46   99 |         for i, (x, y, r) in enumerate(row):
19:42:52.47 .............. x = np.uint16(1067)
19:42:52.47 .............. y = np.uint16(491)
19:42:52.47 .............. r = np.uint16(20)
19:42:52.47 .............. i = 2
19:42:52.47  100 |             mask = np.zeros_like(thresh)
19:42:52.47  101 |             cv2.circle(mask, (x, y), r-2, 255, -1)
19:42:52.47  102 |             total = cv2.countNonZero(mask)
19:42:52.48 .................. total = 1009
19:42:52.48  103 |             filled = cv2.countNonZero(cv2.bitwise_and(thresh, thresh, mask=mask))
19:42:52.48 .................. filled = 131
19:42:52.48  104 |             ratio = filled / float(total)
19:42:52.48 .................. ratio = 0.12983151635282458
19:42:52.48  105 |             scores.append((ratio, i))
19:42:52.49 .................. scores = [(1.0, 0), (0.12319644839067703, 1), (0.12983151635282458, 2)]
19:42:52.49 .................. len(scores) = 3
19:42:52.49   99 |         for i, (x, y, r) in enumerate(row):
19:42:52.49 .............. x = np.uint16(1173)
19:42:52.49 .............. y = np.uint16(487)
19:42:52.49 .............. r = np.uint16(19)
19:42:52.49 .............. i = 3
19:42:52.49  100 |             mask = np.zeros_like(thresh)
19:42:52.49  101 |             cv2.circle(mask, (x, y), r-2, 255, -1)
19:42:52.49  102 |             total = cv2.countNonZero(mask)
19:42:52.50 .................. total = 901
19:42:52.50  103 |             filled = cv2.countNonZero(cv2.bitwise_and(thresh, thresh, mask=mask))
19:42:52.50 .................. filled = 898
19:42:52.50  104 |             ratio = filled / float(total)
19:42:52.51 .................. ratio = 0.9966703662597114
19:42:52.51  105 |             scores.append((ratio, i))
19:42:52.51 .................. scores = [(1.0, 0), (0.12319644839067703, 1), (0.12983151635282458, 2), (0.9966703662597114, 3)]
19:42:52.51 .................. len(scores) = 4
19:42:52.51   99 |         for i, (x, y, r) in enumerate(row):
19:42:52.51  107 |         best_ratio, best_idx = max(scores, key=lambda t: t[0])
19:42:52.51 .............. best_idx = 0
19:42:52.51  108 |         ic(scores)
19:42:52.52  109 |         ic(best_ratio, best_idx, q_num)
19:42:52.52  110 |         chosen = OPTIONS[best_idx] if best_ratio >= FILL_THRESHOLD else '-'
19:42:52.53 .............. chosen = 'A'
19:42:52.53  112 |         results.append({
19:42:52.53  113 |             'Questão': q_num,
19:42:52.53  114 |             'Alternativa': chosen,
19:42:52.54  115 |             'Score': round(best_ratio, 2)
19:42:52.54  112 |         results.append({
19:42:52.54 .............. results = [{'Questão': 11, 'Alternativa': 'B', 'Score': 0.98}, {'Questão': 12, 'Alternativa': 'A', 'Score': 1.0}, {'Questão': 13, 'Alternativa': 'C', 'Score': 1.0}, {'Questão': 14, 'Alternativa': 'A', 'Score': 1.0}]
19:42:52.54 .............. len(results) = 4
19:42:52.54  117 |         ic(results)
19:42:52.55   98 |     with snoop:
19:42:52.55 <<< Exit with block in <module>
19:42:52.56 >>> Enter with block in <module> in File "/home/andvsilva/repo/porphyrio2025/AI/gabarito_answered/readpngcnt.py", line 98
19:42:52.56 .......... __name__ = '__main__'
19:42:52.56 .......... __doc__ = None
19:42:52.56 .......... __package__ = None
19:42:52.56 .......... __loader__ = <_frozen_importlib_external.SourceFileLoader object at 0x799d20b1d7e0>
19:42:52.56 .......... __spec__ = None
19:42:52.56 .......... __annotations__ = {}
19:42:52.56 .......... __builtins__ = <module 'builtins' (built-in)>
19:42:52.56 .......... __file__ = '/home/andvsilva/repo/porphyrio2025/AI/gabarito_answered/readpngcnt.py'
19:42:52.56 .......... len(__file__) = 69
19:42:52.56 .......... __cached__ = None
19:42:52.56 .......... Path = <class 'pathlib.Path'>
19:42:52.56 .......... cv2 = <module 'cv2' from '/home/andvsilva/.local/lib/python3.10/site-packages/cv2/__init__.py'>
19:42:52.56 .......... np = <module 'numpy' from '/home/andvsilva/.local/lib/python3.10/site-packages/numpy/__init__.py'>
19:42:52.56 .......... np.shape = <function shape at 0x799d1e3ac0b0>
19:42:52.56 .......... np.dtype = <class 'numpy.dtype'>
19:42:52.56 .......... os = <module 'os' from '/usr/lib/python3.10/os.py'>
19:42:52.56 .......... csv = <module 'csv' from '/usr/lib/python3.10/csv.py'>
19:42:52.56 .......... pd = <module 'pandas' from '/home/andvsilva/.local/lib/python3.10/site-packages/pandas/__init__.py'>
19:42:52.56 .......... ic = <icecream.icecream.IceCreamDebugger object at 0x799d008bf070>
19:42:52.56 .......... snoop = <class 'snoop.configuration.Config.__init__.<locals>.ConfiguredTracer'>
19:42:52.56 .......... IMG_PATH = 'edf_cnt_gabarito.png'
19:42:52.56 .......... OUT_CSV = 'gabarito_CNT.csv'
19:42:52.56 .......... OUT_IMG = 'gabarito_final_CNT.png'
19:42:52.56 .......... FILL_THRESHOLD = 0.5
19:42:52.56 .......... K_COLUMNS = 2
19:42:52.56 .......... OPTIONS = ['A', 'B', 'C', 'D', 'E']
19:42:52.56 .......... len(OPTIONS) = 5
19:42:52.56 .......... img_path = PosixPath('edf_cnt_gabarito.png')
19:42:52.56 .......... gray = array([[255, 255, 255, ..., 255, 255, 255],
19:42:52.56                          [255, 255, 255, ..., 255, 255, 255],
19:42:52.56                          [255, 255, 255, ..., 255, 255, 255],
19:42:52.56                          ...,
19:42:52.56                          [255, 255, 255, ..., 255, 255, 255],
19:42:52.56                          [255, 255, 255, ..., 255, 255, 255],
19:42:52.56                          [255, 255, 255, ..., 255, 255, 255]],
19:42:52.56                         shape=(1050, 1600), dtype=uint8)
19:42:52.56 .......... gray.shape = (1050, 1600)
19:42:52.56 .......... gray.dtype = dtype('uint8')
19:42:52.56 .......... _ = 136.0
19:42:52.56 .......... thresh = array([[0, 0, 0, ..., 0, 0, 0],
19:42:52.56                            [0, 0, 0, ..., 0, 0, 0],
19:42:52.56                            [0, 0, 0, ..., 0, 0, 0],
19:42:52.56                            ...,
19:42:52.56                            [0, 0, 0, ..., 0, 0, 0],
19:42:52.56                            [0, 0, 0, ..., 0, 0, 0],
19:42:52.56                            [0, 0, 0, ..., 0, 0, 0]], shape=(1050, 1600), dtype=uint8)
19:42:52.56 .......... thresh.shape = (1050, 1600)
19:42:52.56 .......... thresh.dtype = dtype('uint8')
19:42:52.56 .......... circles = [array([659,  25,  19], dtype=uint16), array([1385,  235,   21], dtype=uint16), array([563, 238,  19], dtype=uint16), ..., array([1387,  985,   19], dtype=uint16), array([1489,  987,   19], dtype=uint16), array([143, 989,  21], dtype=uint16)]
19:42:52.56 .......... len(circles) = 39
19:42:52.56 .......... rows = 10
19:42:52.56 .......... current_row = [(np.uint16(247), np.uint16(985), np.uint16(19)), (np.uint16(565), np.uint16(985), np.uint16(19)), (np.uint16(1067), np.uint16(985), np.uint16(19)), (np.uint16(1387), np.uint16(985), np.uint16(19)), (np.uint16(1489), np.uint16(987), np.uint16(19)), (np.uint16(143), np.uint16(989), np.uint16(21))]
19:42:52.56 .......... len(current_row) = 6
19:42:52.56 .......... last_y = np.float64(987.5)
19:42:52.56 .......... last_y.shape = ()
19:42:52.56 .......... last_y.dtype = dtype('float64')
19:42:52.56 .......... tol = 5
19:42:52.56 .......... x = 1183
19:42:52.56 .......... y = 993
19:42:52.56 .......... r = np.uint16(19)
19:42:52.56 .......... r.shape = ()
19:42:52.56 .......... r.dtype = dtype('uint16')
19:42:52.56 .......... points = [(563, 238), (1385, 235), (353, 321), (1069, 321), (143, 403), (1279, 405), (458, 488), (1173, 487)]
19:42:52.56 .......... len(points) = 8
19:42:52.56 .......... results = [{'Questão': 11, 'Alternativa': 'B', 'Score': 0.98}, {'Questão': 12, 'Alternativa': 'A', 'Score': 1.0}, {'Questão': 13, 'Alternativa': 'C', 'Score': 1.0}, {'Questão': 14, 'Alternativa': 'A', 'Score': 1.0}]
19:42:52.56 .......... len(results) = 4
19:42:52.56 .......... img_color = array([[[255, 255, 255],
19:42:52.56                                [255, 255, 255],
19:42:52.56                                ...,
19:42:52.56                                [255, 255, 255],
19:42:52.56                                [255, 255, 255]],
19:42:52.56                        
19:42:52.56                               [[255, 255, 255],
19:42:52.56                                [255, 255, 255],
19:42:52.56                                ...,
19:42:52.56                                [255, 255, 255],
19:42:52.56                                [255, 255, 255]],
19:42:52.56                        
19:42:52.56                               ...,
19:42:52.56                        
19:42:52.56                               [[255, 255, 255],
19:42:52.56                                [255, 255, 255],
19:42:52.56                                ...,
19:42:52.56                                [255, 255, 255],
19:42:52.56                                [255, 255, 255]],
19:42:52.56                        
19:42:52.56                               [[255, 255, 255],
19:42:52.56                                [255, 255, 255],
19:42:52.56                                ...,
19:42:52.56                                [255, 255, 255],
19:42:52.56                                [255, 255, 255]]], shape=(1050, 1600, 3), dtype=uint8)
19:42:52.56 .......... img_color.shape = (1050, 1600, 3)
19:42:52.56 .......... img_color.dtype = dtype('uint8')
19:42:52.56 .......... q_num = 15
19:42:52.56 .......... row = [(np.uint16(563), np.uint16(571), np.uint16(19)), (np.uint16(1175), np.uint16(571), np.uint16(20)), (np.uint16(1489), np.uint16(571), np.uint16(19))]
19:42:52.56 .......... len(row) = 3
19:42:52.56 .......... scores = []
19:42:52.56 .......... i = 3
19:42:52.56 .......... mask = array([[0, 0, 0, ..., 0, 0, 0],
19:42:52.56                          [0, 0, 0, ..., 0, 0, 0],
19:42:52.56                          [0, 0, 0, ..., 0, 0, 0],
19:42:52.56                          ...,
19:42:52.56                          [0, 0, 0, ..., 0, 0, 0],
19:42:52.56                          [0, 0, 0, ..., 0, 0, 0],
19:42:52.56                          [0, 0, 0, ..., 0, 0, 0]], shape=(1050, 1600), dtype=uint8)
19:42:52.56 .......... mask.shape = (1050, 1600)
19:42:52.56 .......... mask.dtype = dtype('uint8')
19:42:52.56 .......... total = 901
19:42:52.56 .......... filled = 898
19:42:52.56 .......... ratio = 0.9966703662597114
19:42:52.56 .......... best_ratio = 1.0
19:42:52.56 .......... best_idx = 0
19:42:52.56 .......... chosen = 'A'
19:42:52.56 .......... index = 2
19:42:52.56 .......... color = (0, 255, 255)
19:42:52.56 .......... len(color) = 3
19:42:52.56 .......... x_alt = 1289
19:42:52.56 .......... icon = 'E'
19:42:52.56 .......... start_point = (750, 741)
19:42:52.56 .......... len(start_point) = 2
19:42:52.56 .......... end_point = (1200, 741)
19:42:52.56 .......... len(end_point) = 2
19:42:52.56 .......... thickness = -1
19:42:52.56 .......... y_alt = 825
19:42:52.56 .......... q = 17
19:42:52.56 .......... cols = 5
19:42:52.56 .......... matrix1 = array([[(141, 237), (247, 237), (353, 237), (459, 237), (565, 237)],
19:42:52.56                             [(141, 321), (247, 321), (353, 321), (459, 321), (565, 321)],
19:42:52.56                             [(141, 405), (247, 405), (353, 405), (459, 405), (565, 405)],
19:42:52.56                             ...,
19:42:52.56                             [(141, 825), (247, 825), (353, 825), (459, 825), (565, 825)],
19:42:52.56                             [(141, 909), (247, 909), (353, 909), (459, 909), (565, 909)],
19:42:52.56                             [(141, 993), (247, 993), (353, 993), (459, 993), (565, 993)]],
19:42:52.56                            shape=(10, 5), dtype=object)
19:42:52.56 .......... matrix1.shape = (10, 5)
19:42:52.56 .......... matrix1.dtype = dtype('O')
19:42:52.56 .......... xcoor = 759
19:42:52.56 .......... ycoor = 1077
19:42:52.56 .......... matrix2 = array([[(759, 237), (865, 237), (971, 237), (1077, 237), (1183, 237)],
19:42:52.56                             [(759, 321), (865, 321), (971, 321), (1077, 321), (1183, 321)],
19:42:52.56                             [(759, 405), (865, 405), (971, 405), (1077, 405), (1183, 405)],
19:42:52.56                             ...,
19:42:52.56                             [(759, 825), (865, 825), (971, 825), (1077, 825), (1183, 825)],
19:42:52.56                             [(759, 909), (865, 909), (971, 909), (1077, 909), (1183, 909)],
19:42:52.56                             [(759, 993), (865, 993), (971, 993), (1077, 993), (1183, 993)]],
19:42:52.56                            shape=(10, 5), dtype=object)
19:42:52.56 .......... matrix2.shape = (10, 5)
19:42:52.56 .......... matrix2.dtype = dtype('O')
19:42:52.56 .......... radius = 5
19:42:52.56   99 |         for i, (x, y, r) in enumerate(row):
19:42:52.56 .............. x = np.uint16(563)
19:42:52.56 .............. x.shape = ()
19:42:52.56 .............. x.dtype = dtype('uint16')
19:42:52.56 .............. y = np.uint16(571)
19:42:52.56 .............. y.shape = ()
19:42:52.56 .............. y.dtype = dtype('uint16')
19:42:52.56 .............. i = 0
19:42:52.56  100 |             mask = np.zeros_like(thresh)
19:42:52.56  101 |             cv2.circle(mask, (x, y), r-2, 255, -1)
19:42:52.57  102 |             total = cv2.countNonZero(mask)
19:42:52.57  103 |             filled = cv2.countNonZero(cv2.bitwise_and(thresh, thresh, mask=mask))
19:42:52.57 .................. filled = 893
19:42:52.57  104 |             ratio = filled / float(total)
19:42:52.58 .................. ratio = 0.9911209766925638
19:42:52.58  105 |             scores.append((ratio, i))
19:42:52.58 .................. scores = [(0.9911209766925638, 0)]
19:42:52.58 .................. len(scores) = 1
19:42:52.58   99 |         for i, (x, y, r) in enumerate(row):
19:42:52.58 .............. x = np.uint16(1175)
19:42:52.58 .............. r = np.uint16(20)
19:42:52.58 .............. i = 1
19:42:52.58  100 |             mask = np.zeros_like(thresh)
19:42:52.59  101 |             cv2.circle(mask, (x, y), r-2, 255, -1)
19:42:52.59  102 |             total = cv2.countNonZero(mask)
19:42:52.59 .................. total = 1009
19:42:52.59  103 |             filled = cv2.countNonZero(cv2.bitwise_and(thresh, thresh, mask=mask))
19:42:52.60 .................. filled = 130
19:42:52.60  104 |             ratio = filled / float(total)
19:42:52.60 .................. ratio = 0.1288404360753221
19:42:52.60  105 |             scores.append((ratio, i))
19:42:52.60 .................. scores = [(0.9911209766925638, 0), (0.1288404360753221, 1)]
19:42:52.60 .................. len(scores) = 2
19:42:52.60   99 |         for i, (x, y, r) in enumerate(row):
19:42:52.60 .............. x = np.uint16(1489)
19:42:52.60 .............. r = np.uint16(19)
19:42:52.60 .............. i = 2
19:42:52.60  100 |             mask = np.zeros_like(thresh)
19:42:52.61  101 |             cv2.circle(mask, (x, y), r-2, 255, -1)
19:42:52.61  102 |             total = cv2.countNonZero(mask)
19:42:52.61 .................. total = 901
19:42:52.61  103 |             filled = cv2.countNonZero(cv2.bitwise_and(thresh, thresh, mask=mask))
19:42:52.62 .................. filled = 860
19:42:52.62  104 |             ratio = filled / float(total)
19:42:52.62 .................. ratio = 0.9544950055493896
19:42:52.62  105 |             scores.append((ratio, i))
19:42:52.62 .................. scores = [(0.9911209766925638, 0), (0.1288404360753221, 1), (0.9544950055493896, 2)]
19:42:52.62 .................. len(scores) = 3
19:42:52.62   99 |         for i, (x, y, r) in enumerate(row):
19:42:52.63  107 |         best_ratio, best_idx = max(scores, key=lambda t: t[0])
19:42:52.63 .............. best_ratio = 0.9911209766925638
19:42:52.63  108 |         ic(scores)
19:42:52.63  109 |         ic(best_ratio, best_idx, q_num)
19:42:52.64  110 |         chosen = OPTIONS[best_idx] if best_ratio >= FILL_THRESHOLD else '-'
19:42:52.64  112 |         results.append({
19:42:52.64  113 |             'Questão': q_num,
19:42:52.65  114 |             'Alternativa': chosen,
19:42:52.65  115 |             'Score': round(best_ratio, 2)
19:42:52.65  112 |         results.append({
19:42:52.66 .............. results = [{'Questão': 11, 'Alternativa': 'B', 'Score': 0.98}, {'Questão': 12, 'Alternativa': 'A', 'Score': 1.0}, {'Questão': 13, 'Alternativa': 'C', 'Score': 1.0}, {'Questão': 14, 'Alternativa': 'A', 'Score': 1.0}, {'Questão': 15, 'Alternativa': 'A', 'Score': 0.99}]
19:42:52.66 .............. len(results) = 5
19:42:52.66  117 |         ic(results)
19:42:52.66   98 |     with snoop:
19:42:52.67 <<< Exit with block in <module>
19:42:52.67 >>> Enter with block in <module> in File "/home/andvsilva/repo/porphyrio2025/AI/gabarito_answered/readpngcnt.py", line 98
19:42:52.67 .......... __name__ = '__main__'
19:42:52.67 .......... __doc__ = None
19:42:52.67 .......... __package__ = None
19:42:52.67 .......... __loader__ = <_frozen_importlib_external.SourceFileLoader object at 0x799d20b1d7e0>
19:42:52.67 .......... __spec__ = None
19:42:52.67 .......... __annotations__ = {}
19:42:52.67 .......... __builtins__ = <module 'builtins' (built-in)>
19:42:52.67 .......... __file__ = '/home/andvsilva/repo/porphyrio2025/AI/gabarito_answered/readpngcnt.py'
19:42:52.67 .......... len(__file__) = 69
19:42:52.67 .......... __cached__ = None
19:42:52.67 .......... Path = <class 'pathlib.Path'>
19:42:52.67 .......... cv2 = <module 'cv2' from '/home/andvsilva/.local/lib/python3.10/site-packages/cv2/__init__.py'>
19:42:52.67 .......... np = <module 'numpy' from '/home/andvsilva/.local/lib/python3.10/site-packages/numpy/__init__.py'>
19:42:52.67 .......... np.shape = <function shape at 0x799d1e3ac0b0>
19:42:52.67 .......... np.dtype = <class 'numpy.dtype'>
19:42:52.67 .......... os = <module 'os' from '/usr/lib/python3.10/os.py'>
19:42:52.67 .......... csv = <module 'csv' from '/usr/lib/python3.10/csv.py'>
19:42:52.67 .......... pd = <module 'pandas' from '/home/andvsilva/.local/lib/python3.10/site-packages/pandas/__init__.py'>
19:42:52.67 .......... ic = <icecream.icecream.IceCreamDebugger object at 0x799d008bf070>
19:42:52.67 .......... snoop = <class 'snoop.configuration.Config.__init__.<locals>.ConfiguredTracer'>
19:42:52.67 .......... IMG_PATH = 'edf_cnt_gabarito.png'
19:42:52.67 .......... OUT_CSV = 'gabarito_CNT.csv'
19:42:52.67 .......... OUT_IMG = 'gabarito_final_CNT.png'
19:42:52.67 .......... FILL_THRESHOLD = 0.5
19:42:52.67 .......... K_COLUMNS = 2
19:42:52.67 .......... OPTIONS = ['A', 'B', 'C', 'D', 'E']
19:42:52.67 .......... len(OPTIONS) = 5
19:42:52.67 .......... img_path = PosixPath('edf_cnt_gabarito.png')
19:42:52.67 .......... gray = array([[255, 255, 255, ..., 255, 255, 255],
19:42:52.67                          [255, 255, 255, ..., 255, 255, 255],
19:42:52.67                          [255, 255, 255, ..., 255, 255, 255],
19:42:52.67                          ...,
19:42:52.67                          [255, 255, 255, ..., 255, 255, 255],
19:42:52.67                          [255, 255, 255, ..., 255, 255, 255],
19:42:52.67                          [255, 255, 255, ..., 255, 255, 255]],
19:42:52.67                         shape=(1050, 1600), dtype=uint8)
19:42:52.67 .......... gray.shape = (1050, 1600)
19:42:52.67 .......... gray.dtype = dtype('uint8')
19:42:52.67 .......... _ = 136.0
19:42:52.67 .......... thresh = array([[0, 0, 0, ..., 0, 0, 0],
19:42:52.67                            [0, 0, 0, ..., 0, 0, 0],
19:42:52.67                            [0, 0, 0, ..., 0, 0, 0],
19:42:52.67                            ...,
19:42:52.67                            [0, 0, 0, ..., 0, 0, 0],
19:42:52.67                            [0, 0, 0, ..., 0, 0, 0],
19:42:52.67                            [0, 0, 0, ..., 0, 0, 0]], shape=(1050, 1600), dtype=uint8)
19:42:52.67 .......... thresh.shape = (1050, 1600)
19:42:52.67 .......... thresh.dtype = dtype('uint8')
19:42:52.67 .......... circles = [array([659,  25,  19], dtype=uint16), array([1385,  235,   21], dtype=uint16), array([563, 238,  19], dtype=uint16), ..., array([1387,  985,   19], dtype=uint16), array([1489,  987,   19], dtype=uint16), array([143, 989,  21], dtype=uint16)]
19:42:52.67 .......... len(circles) = 39
19:42:52.67 .......... rows = 10
19:42:52.67 .......... current_row = [(np.uint16(247), np.uint16(985), np.uint16(19)), (np.uint16(565), np.uint16(985), np.uint16(19)), (np.uint16(1067), np.uint16(985), np.uint16(19)), (np.uint16(1387), np.uint16(985), np.uint16(19)), (np.uint16(1489), np.uint16(987), np.uint16(19)), (np.uint16(143), np.uint16(989), np.uint16(21))]
19:42:52.67 .......... len(current_row) = 6
19:42:52.67 .......... last_y = np.float64(987.5)
19:42:52.67 .......... last_y.shape = ()
19:42:52.67 .......... last_y.dtype = dtype('float64')
19:42:52.67 .......... tol = 5
19:42:52.67 .......... x = 1183
19:42:52.67 .......... y = 993
19:42:52.67 .......... r = np.uint16(19)
19:42:52.67 .......... r.shape = ()
19:42:52.67 .......... r.dtype = dtype('uint16')
19:42:52.67 .......... points = [(563, 238), (1385, 235), (353, 321), (1069, 321), ..., (458, 488), (1173, 487), (563, 571), (1489, 571)]
19:42:52.67 .......... len(points) = 10
19:42:52.67 .......... results = [{'Questão': 11, 'Alternativa': 'B', 'Score': 0.98}, {'Questão': 12, 'Alternativa': 'A', 'Score': 1.0}, {'Questão': 13, 'Alternativa': 'C', 'Score': 1.0}, {'Questão': 14, 'Alternativa': 'A', 'Score': 1.0}, {'Questão': 15, 'Alternativa': 'A', 'Score': 0.99}]
19:42:52.67 .......... len(results) = 5
19:42:52.67 .......... img_color = array([[[255, 255, 255],
19:42:52.67                                [255, 255, 255],
19:42:52.67                                ...,
19:42:52.67                                [255, 255, 255],
19:42:52.67                                [255, 255, 255]],
19:42:52.67                        
19:42:52.67                               [[255, 255, 255],
19:42:52.67                                [255, 255, 255],
19:42:52.67                                ...,
19:42:52.67                                [255, 255, 255],
19:42:52.67                                [255, 255, 255]],
19:42:52.67                        
19:42:52.67                               ...,
19:42:52.67                        
19:42:52.67                               [[255, 255, 255],
19:42:52.67                                [255, 255, 255],
19:42:52.67                                ...,
19:42:52.67                                [255, 255, 255],
19:42:52.67                                [255, 255, 255]],
19:42:52.67                        
19:42:52.67                               [[255, 255, 255],
19:42:52.67                                [255, 255, 255],
19:42:52.67                                ...,
19:42:52.67                                [255, 255, 255],
19:42:52.67                                [255, 255, 255]]], shape=(1050, 1600, 3), dtype=uint8)
19:42:52.67 .......... img_color.shape = (1050, 1600, 3)
19:42:52.67 .......... img_color.dtype = dtype('uint8')
19:42:52.67 .......... q_num = 16
19:42:52.67 .......... row = [(np.uint16(241), np.uint16(655), np.uint16(19)), (np.uint16(353), np.uint16(655), np.uint16(19)), (np.uint16(461), np.uint16(655), np.uint16(21)), (np.uint16(569), np.uint16(655), np.uint16(22)), (np.uint16(1069), np.uint16(655), np.uint16(20))]
19:42:52.67 .......... len(row) = 5
19:42:52.67 .......... scores = []
19:42:52.67 .......... i = 2
19:42:52.67 .......... mask = array([[0, 0, 0, ..., 0, 0, 0],
19:42:52.67                          [0, 0, 0, ..., 0, 0, 0],
19:42:52.67                          [0, 0, 0, ..., 0, 0, 0],
19:42:52.67                          ...,
19:42:52.67                          [0, 0, 0, ..., 0, 0, 0],
19:42:52.67                          [0, 0, 0, ..., 0, 0, 0],
19:42:52.67                          [0, 0, 0, ..., 0, 0, 0]], shape=(1050, 1600), dtype=uint8)
19:42:52.67 .......... mask.shape = (1050, 1600)
19:42:52.67 .......... mask.dtype = dtype('uint8')
19:42:52.67 .......... total = 901
19:42:52.67 .......... filled = 860
19:42:52.67 .......... ratio = 0.9544950055493896
19:42:52.67 .......... best_ratio = 0.9911209766925638
19:42:52.67 .......... best_idx = 0
19:42:52.67 .......... chosen = 'A'
19:42:52.67 .......... index = 2
19:42:52.67 .......... color = (0, 255, 255)
19:42:52.67 .......... len(color) = 3
19:42:52.67 .......... x_alt = 1289
19:42:52.67 .......... icon = 'E'
19:42:52.67 .......... start_point = (750, 741)
19:42:52.67 .......... len(start_point) = 2
19:42:52.67 .......... end_point = (1200, 741)
19:42:52.67 .......... len(end_point) = 2
19:42:52.67 .......... thickness = -1
19:42:52.67 .......... y_alt = 825
19:42:52.67 .......... q = 17
19:42:52.67 .......... cols = 5
19:42:52.67 .......... matrix1 = array([[(141, 237), (247, 237), (353, 237), (459, 237), (565, 237)],
19:42:52.67                             [(141, 321), (247, 321), (353, 321), (459, 321), (565, 321)],
19:42:52.67                             [(141, 405), (247, 405), (353, 405), (459, 405), (565, 405)],
19:42:52.67                             ...,
19:42:52.67                             [(141, 825), (247, 825), (353, 825), (459, 825), (565, 825)],
19:42:52.67                             [(141, 909), (247, 909), (353, 909), (459, 909), (565, 909)],
19:42:52.67                             [(141, 993), (247, 993), (353, 993), (459, 993), (565, 993)]],
19:42:52.67                            shape=(10, 5), dtype=object)
19:42:52.67 .......... matrix1.shape = (10, 5)
19:42:52.67 .......... matrix1.dtype = dtype('O')
19:42:52.67 .......... xcoor = 759
19:42:52.67 .......... ycoor = 1077
19:42:52.67 .......... matrix2 = array([[(759, 237), (865, 237), (971, 237), (1077, 237), (1183, 237)],
19:42:52.67                             [(759, 321), (865, 321), (971, 321), (1077, 321), (1183, 321)],
19:42:52.67                             [(759, 405), (865, 405), (971, 405), (1077, 405), (1183, 405)],
19:42:52.67                             ...,
19:42:52.67                             [(759, 825), (865, 825), (971, 825), (1077, 825), (1183, 825)],
19:42:52.67                             [(759, 909), (865, 909), (971, 909), (1077, 909), (1183, 909)],
19:42:52.67                             [(759, 993), (865, 993), (971, 993), (1077, 993), (1183, 993)]],
19:42:52.67                            shape=(10, 5), dtype=object)
19:42:52.67 .......... matrix2.shape = (10, 5)
19:42:52.67 .......... matrix2.dtype = dtype('O')
19:42:52.67 .......... radius = 5
19:42:52.67   99 |         for i, (x, y, r) in enumerate(row):
19:42:52.68 .............. x = np.uint16(241)
19:42:52.68 .............. x.shape = ()
19:42:52.68 .............. x.dtype = dtype('uint16')
19:42:52.68 .............. y = np.uint16(655)
19:42:52.68 .............. y.shape = ()
19:42:52.68 .............. y.dtype = dtype('uint16')
19:42:52.68 .............. i = 0
19:42:52.68  100 |             mask = np.zeros_like(thresh)
19:42:52.68  101 |             cv2.circle(mask, (x, y), r-2, 255, -1)
19:42:52.68  102 |             total = cv2.countNonZero(mask)
19:42:52.69  103 |             filled = cv2.countNonZero(cv2.bitwise_and(thresh, thresh, mask=mask))
19:42:52.69 .................. filled = 89
19:42:52.69  104 |             ratio = filled / float(total)
19:42:52.69 .................. ratio = 0.09877913429522753
19:42:52.69  105 |             scores.append((ratio, i))
19:42:52.70 .................. scores = [(0.09877913429522753, 0)]
19:42:52.70 .................. len(scores) = 1
19:42:52.70   99 |         for i, (x, y, r) in enumerate(row):
19:42:52.70 .............. x = np.uint16(353)
19:42:52.70 .............. i = 1
19:42:52.70  100 |             mask = np.zeros_like(thresh)
19:42:52.70  101 |             cv2.circle(mask, (x, y), r-2, 255, -1)
19:42:52.71  102 |             total = cv2.countNonZero(mask)
19:42:52.71  103 |             filled = cv2.countNonZero(cv2.bitwise_and(thresh, thresh, mask=mask))
19:42:52.71 .................. filled = 899
19:42:52.71  104 |             ratio = filled / float(total)
19:42:52.72 .................. ratio = 0.9977802441731409
19:42:52.72  105 |             scores.append((ratio, i))
19:42:52.72 .................. scores = [(0.09877913429522753, 0), (0.9977802441731409, 1)]
19:42:52.72 .................. len(scores) = 2
19:42:52.72   99 |         for i, (x, y, r) in enumerate(row):
19:42:52.72 .............. x = np.uint16(461)
19:42:52.72 .............. r = np.uint16(21)
19:42:52.72 .............. i = 2
19:42:52.72  100 |             mask = np.zeros_like(thresh)
19:42:52.73  101 |             cv2.circle(mask, (x, y), r-2, 255, -1)
19:42:52.73  102 |             total = cv2.countNonZero(mask)
19:42:52.73 .................. total = 1129
19:42:52.73  103 |             filled = cv2.countNonZero(cv2.bitwise_and(thresh, thresh, mask=mask))
19:42:52.74 .................. filled = 163
19:42:52.74  104 |             ratio = filled / float(total)
19:42:52.74 .................. ratio = 0.14437555358724535
19:42:52.74  105 |             scores.append((ratio, i))
19:42:52.74 .................. scores = [(0.09877913429522753, 0), (0.9977802441731409, 1), (0.14437555358724535, 2)]
19:42:52.74 .................. len(scores) = 3
19:42:52.74   99 |         for i, (x, y, r) in enumerate(row):
19:42:52.74 .............. x = np.uint16(569)
19:42:52.74 .............. r = np.uint16(22)
19:42:52.74 .............. i = 3
19:42:52.74  100 |             mask = np.zeros_like(thresh)
19:42:52.75  101 |             cv2.circle(mask, (x, y), r-2, 255, -1)
19:42:52.75  102 |             total = cv2.countNonZero(mask)
19:42:52.75 .................. total = 1257
19:42:52.75  103 |             filled = cv2.countNonZero(cv2.bitwise_and(thresh, thresh, mask=mask))
19:42:52.76 .................. filled = 144
19:42:52.76  104 |             ratio = filled / float(total)
19:42:52.76 .................. ratio = 0.11455847255369929
19:42:52.76  105 |             scores.append((ratio, i))
19:42:52.76 .................. scores = [(0.09877913429522753, 0), (0.9977802441731409, 1), (0.14437555358724535, 2), (0.11455847255369929, 3)]
19:42:52.76 .................. len(scores) = 4
19:42:52.76   99 |         for i, (x, y, r) in enumerate(row):
19:42:52.77 .............. x = np.uint16(1069)
19:42:52.77 .............. r = np.uint16(20)
19:42:52.77 .............. i = 4
19:42:52.77  100 |             mask = np.zeros_like(thresh)
19:42:52.77  101 |             cv2.circle(mask, (x, y), r-2, 255, -1)
19:42:52.77  102 |             total = cv2.countNonZero(mask)
19:42:52.78 .................. total = 1009
19:42:52.78  103 |             filled = cv2.countNonZero(cv2.bitwise_and(thresh, thresh, mask=mask))
19:42:52.78 .................. filled = 946
19:42:52.78  104 |             ratio = filled / float(total)
19:42:52.78 .................. ratio = 0.9375619425173439
19:42:52.78  105 |             scores.append((ratio, i))
19:42:52.79 .................. scores = [(0.09877913429522753, 0), (0.9977802441731409, 1), (0.14437555358724535, 2), (0.11455847255369929, 3), (0.9375619425173439, 4)]
19:42:52.79 .................. len(scores) = 5
19:42:52.79   99 |         for i, (x, y, r) in enumerate(row):
19:42:52.79  107 |         best_ratio, best_idx = max(scores, key=lambda t: t[0])
19:42:52.79 .............. best_ratio = 0.9977802441731409
19:42:52.79 .............. best_idx = 1
19:42:52.79  108 |         ic(scores)
19:42:52.80  109 |         ic(best_ratio, best_idx, q_num)
19:42:52.80  110 |         chosen = OPTIONS[best_idx] if best_ratio >= FILL_THRESHOLD else '-'
19:42:52.80 .............. chosen = 'B'
19:42:52.80  112 |         results.append({
19:42:52.81  113 |             'Questão': q_num,
19:42:52.81  114 |             'Alternativa': chosen,
19:42:52.81  115 |             'Score': round(best_ratio, 2)
19:42:52.82  112 |         results.append({
19:42:52.82 .............. results = [{'Questão': 11, 'Alternativa': 'B', 'Score': 0.98}, {'Questão': 12, 'Alternativa': 'A', 'Score': 1.0}, {'Questão': 13, 'Alternativa': 'C', 'Score': 1.0}, {'Questão': 14, 'Alternativa': 'A', 'Score': 1.0}, {'Questão': 15, 'Alternativa': 'A', 'Score': 0.99}, {'Questão': 16, 'Alternativa': 'B', 'Score': 1.0}]
19:42:52.82 .............. len(results) = 6
19:42:52.82  117 |         ic(results)
19:42:52.83   98 |     with snoop:
19:42:52.83 <<< Exit with block in <module>
19:42:52.83 >>> Enter with block in <module> in File "/home/andvsilva/repo/porphyrio2025/AI/gabarito_answered/readpngcnt.py", line 98
19:42:52.83 .......... __name__ = '__main__'
19:42:52.83 .......... __doc__ = None
19:42:52.83 .......... __package__ = None
19:42:52.83 .......... __loader__ = <_frozen_importlib_external.SourceFileLoader object at 0x799d20b1d7e0>
19:42:52.83 .......... __spec__ = None
19:42:52.83 .......... __annotations__ = {}
19:42:52.83 .......... __builtins__ = <module 'builtins' (built-in)>
19:42:52.83 .......... __file__ = '/home/andvsilva/repo/porphyrio2025/AI/gabarito_answered/readpngcnt.py'
19:42:52.83 .......... len(__file__) = 69
19:42:52.83 .......... __cached__ = None
19:42:52.83 .......... Path = <class 'pathlib.Path'>
19:42:52.83 .......... cv2 = <module 'cv2' from '/home/andvsilva/.local/lib/python3.10/site-packages/cv2/__init__.py'>
19:42:52.83 .......... np = <module 'numpy' from '/home/andvsilva/.local/lib/python3.10/site-packages/numpy/__init__.py'>
19:42:52.83 .......... np.shape = <function shape at 0x799d1e3ac0b0>
19:42:52.83 .......... np.dtype = <class 'numpy.dtype'>
19:42:52.83 .......... os = <module 'os' from '/usr/lib/python3.10/os.py'>
19:42:52.83 .......... csv = <module 'csv' from '/usr/lib/python3.10/csv.py'>
19:42:52.83 .......... pd = <module 'pandas' from '/home/andvsilva/.local/lib/python3.10/site-packages/pandas/__init__.py'>
19:42:52.83 .......... ic = <icecream.icecream.IceCreamDebugger object at 0x799d008bf070>
19:42:52.83 .......... snoop = <class 'snoop.configuration.Config.__init__.<locals>.ConfiguredTracer'>
19:42:52.83 .......... IMG_PATH = 'edf_cnt_gabarito.png'
19:42:52.83 .......... OUT_CSV = 'gabarito_CNT.csv'
19:42:52.83 .......... OUT_IMG = 'gabarito_final_CNT.png'
19:42:52.83 .......... FILL_THRESHOLD = 0.5
19:42:52.83 .......... K_COLUMNS = 2
19:42:52.83 .......... OPTIONS = ['A', 'B', 'C', 'D', 'E']
19:42:52.83 .......... len(OPTIONS) = 5
19:42:52.83 .......... img_path = PosixPath('edf_cnt_gabarito.png')
19:42:52.83 .......... gray = array([[255, 255, 255, ..., 255, 255, 255],
19:42:52.83                          [255, 255, 255, ..., 255, 255, 255],
19:42:52.83                          [255, 255, 255, ..., 255, 255, 255],
19:42:52.83                          ...,
19:42:52.83                          [255, 255, 255, ..., 255, 255, 255],
19:42:52.83                          [255, 255, 255, ..., 255, 255, 255],
19:42:52.83                          [255, 255, 255, ..., 255, 255, 255]],
19:42:52.83                         shape=(1050, 1600), dtype=uint8)
19:42:52.83 .......... gray.shape = (1050, 1600)
19:42:52.83 .......... gray.dtype = dtype('uint8')
19:42:52.83 .......... _ = 136.0
19:42:52.83 .......... thresh = array([[0, 0, 0, ..., 0, 0, 0],
19:42:52.83                            [0, 0, 0, ..., 0, 0, 0],
19:42:52.83                            [0, 0, 0, ..., 0, 0, 0],
19:42:52.83                            ...,
19:42:52.83                            [0, 0, 0, ..., 0, 0, 0],
19:42:52.83                            [0, 0, 0, ..., 0, 0, 0],
19:42:52.83                            [0, 0, 0, ..., 0, 0, 0]], shape=(1050, 1600), dtype=uint8)
19:42:52.83 .......... thresh.shape = (1050, 1600)
19:42:52.83 .......... thresh.dtype = dtype('uint8')
19:42:52.83 .......... circles = [array([659,  25,  19], dtype=uint16), array([1385,  235,   21], dtype=uint16), array([563, 238,  19], dtype=uint16), ..., array([1387,  985,   19], dtype=uint16), array([1489,  987,   19], dtype=uint16), array([143, 989,  21], dtype=uint16)]
19:42:52.83 .......... len(circles) = 39
19:42:52.83 .......... rows = 10
19:42:52.83 .......... current_row = [(np.uint16(247), np.uint16(985), np.uint16(19)), (np.uint16(565), np.uint16(985), np.uint16(19)), (np.uint16(1067), np.uint16(985), np.uint16(19)), (np.uint16(1387), np.uint16(985), np.uint16(19)), (np.uint16(1489), np.uint16(987), np.uint16(19)), (np.uint16(143), np.uint16(989), np.uint16(21))]
19:42:52.83 .......... len(current_row) = 6
19:42:52.83 .......... last_y = np.float64(987.5)
19:42:52.83 .......... last_y.shape = ()
19:42:52.83 .......... last_y.dtype = dtype('float64')
19:42:52.83 .......... tol = 5
19:42:52.83 .......... x = 1183
19:42:52.83 .......... y = 993
19:42:52.83 .......... r = np.uint16(20)
19:42:52.83 .......... r.shape = ()
19:42:52.83 .......... r.dtype = dtype('uint16')
19:42:52.83 .......... points = [(563, 238), (1385, 235), (353, 321), (1069, 321), ..., (563, 571), (1489, 571), (353, 655), (1069, 655)]
19:42:52.83 .......... len(points) = 12
19:42:52.83 .......... results = [{'Questão': 11, 'Alternativa': 'B', 'Score': 0.98}, {'Questão': 12, 'Alternativa': 'A', 'Score': 1.0}, {'Questão': 13, 'Alternativa': 'C', 'Score': 1.0}, {'Questão': 14, 'Alternativa': 'A', 'Score': 1.0}, {'Questão': 15, 'Alternativa': 'A', 'Score': 0.99}, {'Questão': 16, 'Alternativa': 'B', 'Score': 1.0}]
19:42:52.83 .......... len(results) = 6
19:42:52.83 .......... img_color = array([[[255, 255, 255],
19:42:52.83                                [255, 255, 255],
19:42:52.83                                ...,
19:42:52.83                                [255, 255, 255],
19:42:52.83                                [255, 255, 255]],
19:42:52.83                        
19:42:52.83                               [[255, 255, 255],
19:42:52.83                                [255, 255, 255],
19:42:52.83                                ...,
19:42:52.83                                [255, 255, 255],
19:42:52.83                                [255, 255, 255]],
19:42:52.83                        
19:42:52.83                               ...,
19:42:52.83                        
19:42:52.83                               [[255, 255, 255],
19:42:52.83                                [255, 255, 255],
19:42:52.83                                ...,
19:42:52.83                                [255, 255, 255],
19:42:52.83                                [255, 255, 255]],
19:42:52.83                        
19:42:52.83                               [[255, 255, 255],
19:42:52.83                                [255, 255, 255],
19:42:52.83                                ...,
19:42:52.83                                [255, 255, 255],
19:42:52.83                                [255, 255, 255]]], shape=(1050, 1600, 3), dtype=uint8)
19:42:52.83 .......... img_color.shape = (1050, 1600, 3)
19:42:52.83 .......... img_color.dtype = dtype('uint8')
19:42:52.83 .......... q_num = 17
19:42:52.83 .......... row = [(np.uint16(241), np.uint16(739), np.uint16(20)), (np.uint16(353), np.uint16(737), np.uint16(19)), (np.uint16(569), np.uint16(739), np.uint16(20)), (np.uint16(1069), np.uint16(739), np.uint16(20))]
19:42:52.83 .......... len(row) = 4
19:42:52.83 .......... scores = []
19:42:52.83 .......... i = 4
19:42:52.83 .......... mask = array([[0, 0, 0, ..., 0, 0, 0],
19:42:52.83                          [0, 0, 0, ..., 0, 0, 0],
19:42:52.83                          [0, 0, 0, ..., 0, 0, 0],
19:42:52.83                          ...,
19:42:52.83                          [0, 0, 0, ..., 0, 0, 0],
19:42:52.83                          [0, 0, 0, ..., 0, 0, 0],
19:42:52.83                          [0, 0, 0, ..., 0, 0, 0]], shape=(1050, 1600), dtype=uint8)
19:42:52.83 .......... mask.shape = (1050, 1600)
19:42:52.83 .......... mask.dtype = dtype('uint8')
19:42:52.83 .......... total = 1009
19:42:52.83 .......... filled = 946
19:42:52.83 .......... ratio = 0.9375619425173439
19:42:52.83 .......... best_ratio = 0.9977802441731409
19:42:52.83 .......... best_idx = 1
19:42:52.83 .......... chosen = 'B'
19:42:52.83 .......... index = 2
19:42:52.83 .......... color = (0, 255, 255)
19:42:52.83 .......... len(color) = 3
19:42:52.83 .......... x_alt = 1289
19:42:52.83 .......... icon = 'E'
19:42:52.83 .......... start_point = (750, 741)
19:42:52.83 .......... len(start_point) = 2
19:42:52.83 .......... end_point = (1200, 741)
19:42:52.83 .......... len(end_point) = 2
19:42:52.83 .......... thickness = -1
19:42:52.83 .......... y_alt = 825
19:42:52.83 .......... q = 17
19:42:52.83 .......... cols = 5
19:42:52.83 .......... matrix1 = array([[(141, 237), (247, 237), (353, 237), (459, 237), (565, 237)],
19:42:52.83                             [(141, 321), (247, 321), (353, 321), (459, 321), (565, 321)],
19:42:52.83                             [(141, 405), (247, 405), (353, 405), (459, 405), (565, 405)],
19:42:52.83                             ...,
19:42:52.83                             [(141, 825), (247, 825), (353, 825), (459, 825), (565, 825)],
19:42:52.83                             [(141, 909), (247, 909), (353, 909), (459, 909), (565, 909)],
19:42:52.83                             [(141, 993), (247, 993), (353, 993), (459, 993), (565, 993)]],
19:42:52.83                            shape=(10, 5), dtype=object)
19:42:52.83 .......... matrix1.shape = (10, 5)
19:42:52.83 .......... matrix1.dtype = dtype('O')
19:42:52.83 .......... xcoor = 759
19:42:52.83 .......... ycoor = 1077
19:42:52.83 .......... matrix2 = array([[(759, 237), (865, 237), (971, 237), (1077, 237), (1183, 237)],
19:42:52.83                             [(759, 321), (865, 321), (971, 321), (1077, 321), (1183, 321)],
19:42:52.83                             [(759, 405), (865, 405), (971, 405), (1077, 405), (1183, 405)],
19:42:52.83                             ...,
19:42:52.83                             [(759, 825), (865, 825), (971, 825), (1077, 825), (1183, 825)],
19:42:52.83                             [(759, 909), (865, 909), (971, 909), (1077, 909), (1183, 909)],
19:42:52.83                             [(759, 993), (865, 993), (971, 993), (1077, 993), (1183, 993)]],
19:42:52.83                            shape=(10, 5), dtype=object)
19:42:52.83 .......... matrix2.shape = (10, 5)
19:42:52.83 .......... matrix2.dtype = dtype('O')
19:42:52.83 .......... radius = 5
19:42:52.84   99 |         for i, (x, y, r) in enumerate(row):
19:42:52.84 .............. x = np.uint16(241)
19:42:52.84 .............. x.shape = ()
19:42:52.84 .............. x.dtype = dtype('uint16')
19:42:52.84 .............. y = np.uint16(739)
19:42:52.84 .............. y.shape = ()
19:42:52.84 .............. y.dtype = dtype('uint16')
19:42:52.84 .............. i = 0
19:42:52.84  100 |             mask = np.zeros_like(thresh)
19:42:52.84  101 |             cv2.circle(mask, (x, y), r-2, 255, -1)
19:42:52.85  102 |             total = cv2.countNonZero(mask)
19:42:52.85  103 |             filled = cv2.countNonZero(cv2.bitwise_and(thresh, thresh, mask=mask))
19:42:52.85 .................. filled = 104
19:42:52.85  104 |             ratio = filled / float(total)
19:42:52.86 .................. ratio = 0.10307234886025768
19:42:52.86  105 |             scores.append((ratio, i))
19:42:52.86 .................. scores = [(0.10307234886025768, 0)]
19:42:52.86 .................. len(scores) = 1
19:42:52.86   99 |         for i, (x, y, r) in enumerate(row):
19:42:52.86 .............. x = np.uint16(353)
19:42:52.86 .............. y = np.uint16(737)
19:42:52.86 .............. r = np.uint16(19)
19:42:52.86 .............. i = 1
19:42:52.86  100 |             mask = np.zeros_like(thresh)
19:42:52.87  101 |             cv2.circle(mask, (x, y), r-2, 255, -1)
19:42:52.87  102 |             total = cv2.countNonZero(mask)
19:42:52.87 .................. total = 901
19:42:52.87  103 |             filled = cv2.countNonZero(cv2.bitwise_and(thresh, thresh, mask=mask))
19:42:52.88 .................. filled = 901
19:42:52.88  104 |             ratio = filled / float(total)
19:42:52.88 .................. ratio = 1.0
19:42:52.88  105 |             scores.append((ratio, i))
19:42:52.88 .................. scores = [(0.10307234886025768, 0), (1.0, 1)]
19:42:52.88 .................. len(scores) = 2
19:42:52.88   99 |         for i, (x, y, r) in enumerate(row):
19:42:52.89 .............. x = np.uint16(569)
19:42:52.89 .............. y = np.uint16(739)
19:42:52.89 .............. r = np.uint16(20)
19:42:52.89 .............. i = 2
19:42:52.89  100 |             mask = np.zeros_like(thresh)
19:42:52.89  101 |             cv2.circle(mask, (x, y), r-2, 255, -1)
19:42:52.89  102 |             total = cv2.countNonZero(mask)
19:42:52.90 .................. total = 1009
19:42:52.90  103 |             filled = cv2.countNonZero(cv2.bitwise_and(thresh, thresh, mask=mask))
19:42:52.90 .................. filled = 105
19:42:52.90  104 |             ratio = filled / float(total)
19:42:52.90 .................. ratio = 0.10406342913776016
19:42:52.90  105 |             scores.append((ratio, i))
19:42:52.90 .................. scores = [(0.10307234886025768, 0), (1.0, 1), (0.10406342913776016, 2)]
19:42:52.90 .................. len(scores) = 3
19:42:52.90   99 |         for i, (x, y, r) in enumerate(row):
19:42:52.91 .............. x = np.uint16(1069)
19:42:52.91 .............. i = 3
19:42:52.91  100 |             mask = np.zeros_like(thresh)
19:42:52.91  101 |             cv2.circle(mask, (x, y), r-2, 255, -1)
19:42:52.91  102 |             total = cv2.countNonZero(mask)
19:42:52.92  103 |             filled = cv2.countNonZero(cv2.bitwise_and(thresh, thresh, mask=mask))
19:42:52.92 .................. filled = 932
19:42:52.92  104 |             ratio = filled / float(total)
19:42:52.92 .................. ratio = 0.9236868186323092
19:42:52.92  105 |             scores.append((ratio, i))
19:42:52.93 .................. scores = [(0.10307234886025768, 0), (1.0, 1), (0.10406342913776016, 2), (0.9236868186323092, 3)]
19:42:52.93 .................. len(scores) = 4
19:42:52.93   99 |         for i, (x, y, r) in enumerate(row):
19:42:52.93  107 |         best_ratio, best_idx = max(scores, key=lambda t: t[0])
19:42:52.93 .............. best_ratio = 1.0
19:42:52.93  108 |         ic(scores)
19:42:52.94  109 |         ic(best_ratio, best_idx, q_num)
19:42:52.94  110 |         chosen = OPTIONS[best_idx] if best_ratio >= FILL_THRESHOLD else '-'
19:42:52.95  112 |         results.append({
19:42:52.95  113 |             'Questão': q_num,
19:42:52.95  114 |             'Alternativa': chosen,
19:42:52.95  115 |             'Score': round(best_ratio, 2)
19:42:52.96  112 |         results.append({
19:42:52.96 .............. results = [{'Questão': 11, 'Alternativa': 'B', 'Score': 0.98}, {'Questão': 12, 'Alternativa': 'A', 'Score': 1.0}, {'Questão': 13, 'Alternativa': 'C', 'Score': 1.0}, ..., {'Questão': 15, 'Alternativa': 'A', 'Score': 0.99}, {'Questão': 16, 'Alternativa': 'B', 'Score': 1.0}, {'Questão': 17, 'Alternativa': 'B', 'Score': 1.0}]
19:42:52.96 .............. len(results) = 7
19:42:52.96  117 |         ic(results)
19:42:52.97   98 |     with snoop:
19:42:52.97 <<< Exit with block in <module>
19:42:52.98 >>> Enter with block in <module> in File "/home/andvsilva/repo/porphyrio2025/AI/gabarito_answered/readpngcnt.py", line 98
19:42:52.98 .......... __name__ = '__main__'
19:42:52.98 .......... __doc__ = None
19:42:52.98 .......... __package__ = None
19:42:52.98 .......... __loader__ = <_frozen_importlib_external.SourceFileLoader object at 0x799d20b1d7e0>
19:42:52.98 .......... __spec__ = None
19:42:52.98 .......... __annotations__ = {}
19:42:52.98 .......... __builtins__ = <module 'builtins' (built-in)>
19:42:52.98 .......... __file__ = '/home/andvsilva/repo/porphyrio2025/AI/gabarito_answered/readpngcnt.py'
19:42:52.98 .......... len(__file__) = 69
19:42:52.98 .......... __cached__ = None
19:42:52.98 .......... Path = <class 'pathlib.Path'>
19:42:52.98 .......... cv2 = <module 'cv2' from '/home/andvsilva/.local/lib/python3.10/site-packages/cv2/__init__.py'>
19:42:52.98 .......... np = <module 'numpy' from '/home/andvsilva/.local/lib/python3.10/site-packages/numpy/__init__.py'>
19:42:52.98 .......... np.shape = <function shape at 0x799d1e3ac0b0>
19:42:52.98 .......... np.dtype = <class 'numpy.dtype'>
19:42:52.98 .......... os = <module 'os' from '/usr/lib/python3.10/os.py'>
19:42:52.98 .......... csv = <module 'csv' from '/usr/lib/python3.10/csv.py'>
19:42:52.98 .......... pd = <module 'pandas' from '/home/andvsilva/.local/lib/python3.10/site-packages/pandas/__init__.py'>
19:42:52.98 .......... ic = <icecream.icecream.IceCreamDebugger object at 0x799d008bf070>
19:42:52.98 .......... snoop = <class 'snoop.configuration.Config.__init__.<locals>.ConfiguredTracer'>
19:42:52.98 .......... IMG_PATH = 'edf_cnt_gabarito.png'
19:42:52.98 .......... OUT_CSV = 'gabarito_CNT.csv'
19:42:52.98 .......... OUT_IMG = 'gabarito_final_CNT.png'
19:42:52.98 .......... FILL_THRESHOLD = 0.5
19:42:52.98 .......... K_COLUMNS = 2
19:42:52.98 .......... OPTIONS = ['A', 'B', 'C', 'D', 'E']
19:42:52.98 .......... len(OPTIONS) = 5
19:42:52.98 .......... img_path = PosixPath('edf_cnt_gabarito.png')
19:42:52.98 .......... gray = array([[255, 255, 255, ..., 255, 255, 255],
19:42:52.98                          [255, 255, 255, ..., 255, 255, 255],
19:42:52.98                          [255, 255, 255, ..., 255, 255, 255],
19:42:52.98                          ...,
19:42:52.98                          [255, 255, 255, ..., 255, 255, 255],
19:42:52.98                          [255, 255, 255, ..., 255, 255, 255],
19:42:52.98                          [255, 255, 255, ..., 255, 255, 255]],
19:42:52.98                         shape=(1050, 1600), dtype=uint8)
19:42:52.98 .......... gray.shape = (1050, 1600)
19:42:52.98 .......... gray.dtype = dtype('uint8')
19:42:52.98 .......... _ = 136.0
19:42:52.98 .......... thresh = array([[0, 0, 0, ..., 0, 0, 0],
19:42:52.98                            [0, 0, 0, ..., 0, 0, 0],
19:42:52.98                            [0, 0, 0, ..., 0, 0, 0],
19:42:52.98                            ...,
19:42:52.98                            [0, 0, 0, ..., 0, 0, 0],
19:42:52.98                            [0, 0, 0, ..., 0, 0, 0],
19:42:52.98                            [0, 0, 0, ..., 0, 0, 0]], shape=(1050, 1600), dtype=uint8)
19:42:52.98 .......... thresh.shape = (1050, 1600)
19:42:52.98 .......... thresh.dtype = dtype('uint8')
19:42:52.98 .......... circles = [array([659,  25,  19], dtype=uint16), array([1385,  235,   21], dtype=uint16), array([563, 238,  19], dtype=uint16), ..., array([1387,  985,   19], dtype=uint16), array([1489,  987,   19], dtype=uint16), array([143, 989,  21], dtype=uint16)]
19:42:52.98 .......... len(circles) = 39
19:42:52.98 .......... rows = 10
19:42:52.98 .......... current_row = [(np.uint16(247), np.uint16(985), np.uint16(19)), (np.uint16(565), np.uint16(985), np.uint16(19)), (np.uint16(1067), np.uint16(985), np.uint16(19)), (np.uint16(1387), np.uint16(985), np.uint16(19)), (np.uint16(1489), np.uint16(987), np.uint16(19)), (np.uint16(143), np.uint16(989), np.uint16(21))]
19:42:52.98 .......... len(current_row) = 6
19:42:52.98 .......... last_y = np.float64(987.5)
19:42:52.98 .......... last_y.shape = ()
19:42:52.98 .......... last_y.dtype = dtype('float64')
19:42:52.98 .......... tol = 5
19:42:52.98 .......... x = 1183
19:42:52.98 .......... y = 993
19:42:52.98 .......... r = np.uint16(20)
19:42:52.98 .......... r.shape = ()
19:42:52.98 .......... r.dtype = dtype('uint16')
19:42:52.98 .......... points = [(563, 238), (1385, 235), (353, 321), (1069, 321), ..., (353, 655), (1069, 655), (353, 737), (1069, 739)]
19:42:52.98 .......... len(points) = 14
19:42:52.98 .......... results = [{'Questão': 11, 'Alternativa': 'B', 'Score': 0.98}, {'Questão': 12, 'Alternativa': 'A', 'Score': 1.0}, {'Questão': 13, 'Alternativa': 'C', 'Score': 1.0}, ..., {'Questão': 15, 'Alternativa': 'A', 'Score': 0.99}, {'Questão': 16, 'Alternativa': 'B', 'Score': 1.0}, {'Questão': 17, 'Alternativa': 'B', 'Score': 1.0}]
19:42:52.98 .......... len(results) = 7
19:42:52.98 .......... img_color = array([[[255, 255, 255],
19:42:52.98                                [255, 255, 255],
19:42:52.98                                ...,
19:42:52.98                                [255, 255, 255],
19:42:52.98                                [255, 255, 255]],
19:42:52.98                        
19:42:52.98                               [[255, 255, 255],
19:42:52.98                                [255, 255, 255],
19:42:52.98                                ...,
19:42:52.98                                [255, 255, 255],
19:42:52.98                                [255, 255, 255]],
19:42:52.98                        
19:42:52.98                               ...,
19:42:52.98                        
19:42:52.98                               [[255, 255, 255],
19:42:52.98                                [255, 255, 255],
19:42:52.98                                ...,
19:42:52.98                                [255, 255, 255],
19:42:52.98                                [255, 255, 255]],
19:42:52.98                        
19:42:52.98                               [[255, 255, 255],
19:42:52.98                                [255, 255, 255],
19:42:52.98                                ...,
19:42:52.98                                [255, 255, 255],
19:42:52.98                                [255, 255, 255]]], shape=(1050, 1600, 3), dtype=uint8)
19:42:52.98 .......... img_color.shape = (1050, 1600, 3)
19:42:52.98 .......... img_color.dtype = dtype('uint8')
19:42:52.98 .......... q_num = 18
19:42:52.98 .......... row = [(np.uint16(143), np.uint16(821), np.uint16(19)), (np.uint16(1279), np.uint16(821), np.uint16(19))]
19:42:52.98 .......... len(row) = 2
19:42:52.98 .......... scores = []
19:42:52.98 .......... i = 3
19:42:52.98 .......... mask = array([[0, 0, 0, ..., 0, 0, 0],
19:42:52.98                          [0, 0, 0, ..., 0, 0, 0],
19:42:52.98                          [0, 0, 0, ..., 0, 0, 0],
19:42:52.98                          ...,
19:42:52.98                          [0, 0, 0, ..., 0, 0, 0],
19:42:52.98                          [0, 0, 0, ..., 0, 0, 0],
19:42:52.98                          [0, 0, 0, ..., 0, 0, 0]], shape=(1050, 1600), dtype=uint8)
19:42:52.98 .......... mask.shape = (1050, 1600)
19:42:52.98 .......... mask.dtype = dtype('uint8')
19:42:52.98 .......... total = 1009
19:42:52.98 .......... filled = 932
19:42:52.98 .......... ratio = 0.9236868186323092
19:42:52.98 .......... best_ratio = 1.0
19:42:52.98 .......... best_idx = 1
19:42:52.98 .......... chosen = 'B'
19:42:52.98 .......... index = 2
19:42:52.98 .......... color = (0, 255, 255)
19:42:52.98 .......... len(color) = 3
19:42:52.98 .......... x_alt = 1289
19:42:52.98 .......... icon = 'E'
19:42:52.98 .......... start_point = (750, 741)
19:42:52.98 .......... len(start_point) = 2
19:42:52.98 .......... end_point = (1200, 741)
19:42:52.98 .......... len(end_point) = 2
19:42:52.98 .......... thickness = -1
19:42:52.98 .......... y_alt = 825
19:42:52.98 .......... q = 17
19:42:52.98 .......... cols = 5
19:42:52.98 .......... matrix1 = array([[(141, 237), (247, 237), (353, 237), (459, 237), (565, 237)],
19:42:52.98                             [(141, 321), (247, 321), (353, 321), (459, 321), (565, 321)],
19:42:52.98                             [(141, 405), (247, 405), (353, 405), (459, 405), (565, 405)],
19:42:52.98                             ...,
19:42:52.98                             [(141, 825), (247, 825), (353, 825), (459, 825), (565, 825)],
19:42:52.98                             [(141, 909), (247, 909), (353, 909), (459, 909), (565, 909)],
19:42:52.98                             [(141, 993), (247, 993), (353, 993), (459, 993), (565, 993)]],
19:42:52.98                            shape=(10, 5), dtype=object)
19:42:52.98 .......... matrix1.shape = (10, 5)
19:42:52.98 .......... matrix1.dtype = dtype('O')
19:42:52.98 .......... xcoor = 759
19:42:52.98 .......... ycoor = 1077
19:42:52.98 .......... matrix2 = array([[(759, 237), (865, 237), (971, 237), (1077, 237), (1183, 237)],
19:42:52.98                             [(759, 321), (865, 321), (971, 321), (1077, 321), (1183, 321)],
19:42:52.98                             [(759, 405), (865, 405), (971, 405), (1077, 405), (1183, 405)],
19:42:52.98                             ...,
19:42:52.98                             [(759, 825), (865, 825), (971, 825), (1077, 825), (1183, 825)],
19:42:52.98                             [(759, 909), (865, 909), (971, 909), (1077, 909), (1183, 909)],
19:42:52.98                             [(759, 993), (865, 993), (971, 993), (1077, 993), (1183, 993)]],
19:42:52.98                            shape=(10, 5), dtype=object)
19:42:52.98 .......... matrix2.shape = (10, 5)
19:42:52.98 .......... matrix2.dtype = dtype('O')
19:42:52.98 .......... radius = 5
19:42:52.98   99 |         for i, (x, y, r) in enumerate(row):
19:42:52.98 .............. x = np.uint16(143)
19:42:52.98 .............. x.shape = ()
19:42:52.98 .............. x.dtype = dtype('uint16')
19:42:52.98 .............. y = np.uint16(821)
19:42:52.98 .............. y.shape = ()
19:42:52.98 .............. y.dtype = dtype('uint16')
19:42:52.98 .............. r = np.uint16(19)
19:42:52.98 .............. i = 0
19:42:52.98  100 |             mask = np.zeros_like(thresh)
19:42:52.99  101 |             cv2.circle(mask, (x, y), r-2, 255, -1)
19:42:52.99  102 |             total = cv2.countNonZero(mask)
19:42:52.99 .................. total = 901
19:42:52.99  103 |             filled = cv2.countNonZero(cv2.bitwise_and(thresh, thresh, mask=mask))
19:42:53.00 .................. filled = 851
19:42:53.00  104 |             ratio = filled / float(total)
19:42:53.00 .................. ratio = 0.9445061043285239
19:42:53.00  105 |             scores.append((ratio, i))
19:42:53.00 .................. scores = [(0.9445061043285239, 0)]
19:42:53.00 .................. len(scores) = 1
19:42:53.00   99 |         for i, (x, y, r) in enumerate(row):
19:42:53.01 .............. x = np.uint16(1279)
19:42:53.01 .............. i = 1
19:42:53.01  100 |             mask = np.zeros_like(thresh)
19:42:53.01  101 |             cv2.circle(mask, (x, y), r-2, 255, -1)
19:42:53.01  102 |             total = cv2.countNonZero(mask)
19:42:53.02  103 |             filled = cv2.countNonZero(cv2.bitwise_and(thresh, thresh, mask=mask))
19:42:53.02 .................. filled = 901
19:42:53.02  104 |             ratio = filled / float(total)
19:42:53.02 .................. ratio = 1.0
19:42:53.02  105 |             scores.append((ratio, i))
19:42:53.03 .................. scores = [(0.9445061043285239, 0), (1.0, 1)]
19:42:53.03 .................. len(scores) = 2
19:42:53.03   99 |         for i, (x, y, r) in enumerate(row):
19:42:53.03  107 |         best_ratio, best_idx = max(scores, key=lambda t: t[0])
19:42:53.03  108 |         ic(scores)
19:42:53.04  109 |         ic(best_ratio, best_idx, q_num)
19:42:53.04  110 |         chosen = OPTIONS[best_idx] if best_ratio >= FILL_THRESHOLD else '-'
19:42:53.04  112 |         results.append({
19:42:53.04  113 |             'Questão': q_num,
19:42:53.05  114 |             'Alternativa': chosen,
19:42:53.05  115 |             'Score': round(best_ratio, 2)
19:42:53.05  112 |         results.append({
19:42:53.06 .............. results = [{'Questão': 11, 'Alternativa': 'B', 'Score': 0.98}, {'Questão': 12, 'Alternativa': 'A', 'Score': 1.0}, {'Questão': 13, 'Alternativa': 'C', 'Score': 1.0}, ..., {'Questão': 16, 'Alternativa': 'B', 'Score': 1.0}, {'Questão': 17, 'Alternativa': 'B', 'Score': 1.0}, {'Questão': 18, 'Alternativa': 'B', 'Score': 1.0}]
19:42:53.06 .............. len(results) = 8
19:42:53.06  117 |         ic(results)
19:42:53.07   98 |     with snoop:
19:42:53.07 <<< Exit with block in <module>
19:42:53.07 >>> Enter with block in <module> in File "/home/andvsilva/repo/porphyrio2025/AI/gabarito_answered/readpngcnt.py", line 98
19:42:53.07 .......... __name__ = '__main__'
19:42:53.07 .......... __doc__ = None
19:42:53.07 .......... __package__ = None
19:42:53.07 .......... __loader__ = <_frozen_importlib_external.SourceFileLoader object at 0x799d20b1d7e0>
19:42:53.07 .......... __spec__ = None
19:42:53.07 .......... __annotations__ = {}
19:42:53.07 .......... __builtins__ = <module 'builtins' (built-in)>
19:42:53.07 .......... __file__ = '/home/andvsilva/repo/porphyrio2025/AI/gabarito_answered/readpngcnt.py'
19:42:53.07 .......... len(__file__) = 69
19:42:53.07 .......... __cached__ = None
19:42:53.07 .......... Path = <class 'pathlib.Path'>
19:42:53.07 .......... cv2 = <module 'cv2' from '/home/andvsilva/.local/lib/python3.10/site-packages/cv2/__init__.py'>
19:42:53.07 .......... np = <module 'numpy' from '/home/andvsilva/.local/lib/python3.10/site-packages/numpy/__init__.py'>
19:42:53.07 .......... np.shape = <function shape at 0x799d1e3ac0b0>
19:42:53.07 .......... np.dtype = <class 'numpy.dtype'>
19:42:53.07 .......... os = <module 'os' from '/usr/lib/python3.10/os.py'>
19:42:53.07 .......... csv = <module 'csv' from '/usr/lib/python3.10/csv.py'>
19:42:53.07 .......... pd = <module 'pandas' from '/home/andvsilva/.local/lib/python3.10/site-packages/pandas/__init__.py'>
19:42:53.07 .......... ic = <icecream.icecream.IceCreamDebugger object at 0x799d008bf070>
19:42:53.07 .......... snoop = <class 'snoop.configuration.Config.__init__.<locals>.ConfiguredTracer'>
19:42:53.07 .......... IMG_PATH = 'edf_cnt_gabarito.png'
19:42:53.07 .......... OUT_CSV = 'gabarito_CNT.csv'
19:42:53.07 .......... OUT_IMG = 'gabarito_final_CNT.png'
19:42:53.07 .......... FILL_THRESHOLD = 0.5
19:42:53.07 .......... K_COLUMNS = 2
19:42:53.07 .......... OPTIONS = ['A', 'B', 'C', 'D', 'E']
19:42:53.07 .......... len(OPTIONS) = 5
19:42:53.07 .......... img_path = PosixPath('edf_cnt_gabarito.png')
19:42:53.07 .......... gray = array([[255, 255, 255, ..., 255, 255, 255],
19:42:53.07                          [255, 255, 255, ..., 255, 255, 255],
19:42:53.07                          [255, 255, 255, ..., 255, 255, 255],
19:42:53.07                          ...,
19:42:53.07                          [255, 255, 255, ..., 255, 255, 255],
19:42:53.07                          [255, 255, 255, ..., 255, 255, 255],
19:42:53.07                          [255, 255, 255, ..., 255, 255, 255]],
19:42:53.07                         shape=(1050, 1600), dtype=uint8)
19:42:53.07 .......... gray.shape = (1050, 1600)
19:42:53.07 .......... gray.dtype = dtype('uint8')
19:42:53.07 .......... _ = 136.0
19:42:53.07 .......... thresh = array([[0, 0, 0, ..., 0, 0, 0],
19:42:53.07                            [0, 0, 0, ..., 0, 0, 0],
19:42:53.07                            [0, 0, 0, ..., 0, 0, 0],
19:42:53.07                            ...,
19:42:53.07                            [0, 0, 0, ..., 0, 0, 0],
19:42:53.07                            [0, 0, 0, ..., 0, 0, 0],
19:42:53.07                            [0, 0, 0, ..., 0, 0, 0]], shape=(1050, 1600), dtype=uint8)
19:42:53.07 .......... thresh.shape = (1050, 1600)
19:42:53.07 .......... thresh.dtype = dtype('uint8')
19:42:53.07 .......... circles = [array([659,  25,  19], dtype=uint16), array([1385,  235,   21], dtype=uint16), array([563, 238,  19], dtype=uint16), ..., array([1387,  985,   19], dtype=uint16), array([1489,  987,   19], dtype=uint16), array([143, 989,  21], dtype=uint16)]
19:42:53.07 .......... len(circles) = 39
19:42:53.07 .......... rows = 10
19:42:53.07 .......... current_row = [(np.uint16(247), np.uint16(985), np.uint16(19)), (np.uint16(565), np.uint16(985), np.uint16(19)), (np.uint16(1067), np.uint16(985), np.uint16(19)), (np.uint16(1387), np.uint16(985), np.uint16(19)), (np.uint16(1489), np.uint16(987), np.uint16(19)), (np.uint16(143), np.uint16(989), np.uint16(21))]
19:42:53.07 .......... len(current_row) = 6
19:42:53.07 .......... last_y = np.float64(987.5)
19:42:53.07 .......... last_y.shape = ()
19:42:53.07 .......... last_y.dtype = dtype('float64')
19:42:53.07 .......... tol = 5
19:42:53.07 .......... x = 1183
19:42:53.07 .......... y = 993
19:42:53.07 .......... r = np.uint16(19)
19:42:53.07 .......... r.shape = ()
19:42:53.07 .......... r.dtype = dtype('uint16')
19:42:53.07 .......... points = [(563, 238), (1385, 235), (353, 321), (1069, 321), ..., (353, 737), (1069, 739), (143, 821), (1279, 821)]
19:42:53.07 .......... len(points) = 16
19:42:53.07 .......... results = [{'Questão': 11, 'Alternativa': 'B', 'Score': 0.98}, {'Questão': 12, 'Alternativa': 'A', 'Score': 1.0}, {'Questão': 13, 'Alternativa': 'C', 'Score': 1.0}, ..., {'Questão': 16, 'Alternativa': 'B', 'Score': 1.0}, {'Questão': 17, 'Alternativa': 'B', 'Score': 1.0}, {'Questão': 18, 'Alternativa': 'B', 'Score': 1.0}]
19:42:53.07 .......... len(results) = 8
19:42:53.07 .......... img_color = array([[[255, 255, 255],
19:42:53.07                                [255, 255, 255],
19:42:53.07                                ...,
19:42:53.07                                [255, 255, 255],
19:42:53.07                                [255, 255, 255]],
19:42:53.07                        
19:42:53.07                               [[255, 255, 255],
19:42:53.07                                [255, 255, 255],
19:42:53.07                                ...,
19:42:53.07                                [255, 255, 255],
19:42:53.07                                [255, 255, 255]],
19:42:53.07                        
19:42:53.07                               ...,
19:42:53.07                        
19:42:53.07                               [[255, 255, 255],
19:42:53.07                                [255, 255, 255],
19:42:53.07                                ...,
19:42:53.07                                [255, 255, 255],
19:42:53.07                                [255, 255, 255]],
19:42:53.07                        
19:42:53.07                               [[255, 255, 255],
19:42:53.07                                [255, 255, 255],
19:42:53.07                                ...,
19:42:53.07                                [255, 255, 255],
19:42:53.07                                [255, 255, 255]]], shape=(1050, 1600, 3), dtype=uint8)
19:42:53.07 .......... img_color.shape = (1050, 1600, 3)
19:42:53.07 .......... img_color.dtype = dtype('uint8')
19:42:53.07 .......... q_num = 19
19:42:53.07 .......... row = [(np.uint16(245), np.uint16(907), np.uint16(20)), (np.uint16(353), np.uint16(903), np.uint16(18)), (np.uint16(565), np.uint16(907), np.uint16(20)), (np.uint16(1173), np.uint16(903), np.uint16(19)), (np.uint16(1489), np.uint16(905), np.uint16(19))]
19:42:53.07 .......... len(row) = 5
19:42:53.07 .......... scores = []
19:42:53.07 .......... i = 1
19:42:53.07 .......... mask = array([[0, 0, 0, ..., 0, 0, 0],
19:42:53.07                          [0, 0, 0, ..., 0, 0, 0],
19:42:53.07                          [0, 0, 0, ..., 0, 0, 0],
19:42:53.07                          ...,
19:42:53.07                          [0, 0, 0, ..., 0, 0, 0],
19:42:53.07                          [0, 0, 0, ..., 0, 0, 0],
19:42:53.07                          [0, 0, 0, ..., 0, 0, 0]], shape=(1050, 1600), dtype=uint8)
19:42:53.07 .......... mask.shape = (1050, 1600)
19:42:53.07 .......... mask.dtype = dtype('uint8')
19:42:53.07 .......... total = 901
19:42:53.07 .......... filled = 901
19:42:53.07 .......... ratio = 1.0
19:42:53.07 .......... best_ratio = 1.0
19:42:53.07 .......... best_idx = 1
19:42:53.07 .......... chosen = 'B'
19:42:53.07 .......... index = 2
19:42:53.07 .......... color = (0, 255, 255)
19:42:53.07 .......... len(color) = 3
19:42:53.07 .......... x_alt = 1289
19:42:53.07 .......... icon = 'E'
19:42:53.07 .......... start_point = (750, 741)
19:42:53.07 .......... len(start_point) = 2
19:42:53.07 .......... end_point = (1200, 741)
19:42:53.07 .......... len(end_point) = 2
19:42:53.07 .......... thickness = -1
19:42:53.07 .......... y_alt = 825
19:42:53.07 .......... q = 17
19:42:53.07 .......... cols = 5
19:42:53.07 .......... matrix1 = array([[(141, 237), (247, 237), (353, 237), (459, 237), (565, 237)],
19:42:53.07                             [(141, 321), (247, 321), (353, 321), (459, 321), (565, 321)],
19:42:53.07                             [(141, 405), (247, 405), (353, 405), (459, 405), (565, 405)],
19:42:53.07                             ...,
19:42:53.07                             [(141, 825), (247, 825), (353, 825), (459, 825), (565, 825)],
19:42:53.07                             [(141, 909), (247, 909), (353, 909), (459, 909), (565, 909)],
19:42:53.07                             [(141, 993), (247, 993), (353, 993), (459, 993), (565, 993)]],
19:42:53.07                            shape=(10, 5), dtype=object)
19:42:53.07 .......... matrix1.shape = (10, 5)
19:42:53.07 .......... matrix1.dtype = dtype('O')
19:42:53.07 .......... xcoor = 759
19:42:53.07 .......... ycoor = 1077
19:42:53.07 .......... matrix2 = array([[(759, 237), (865, 237), (971, 237), (1077, 237), (1183, 237)],
19:42:53.07                             [(759, 321), (865, 321), (971, 321), (1077, 321), (1183, 321)],
19:42:53.07                             [(759, 405), (865, 405), (971, 405), (1077, 405), (1183, 405)],
19:42:53.07                             ...,
19:42:53.07                             [(759, 825), (865, 825), (971, 825), (1077, 825), (1183, 825)],
19:42:53.07                             [(759, 909), (865, 909), (971, 909), (1077, 909), (1183, 909)],
19:42:53.07                             [(759, 993), (865, 993), (971, 993), (1077, 993), (1183, 993)]],
19:42:53.07                            shape=(10, 5), dtype=object)
19:42:53.07 .......... matrix2.shape = (10, 5)
19:42:53.07 .......... matrix2.dtype = dtype('O')
19:42:53.07 .......... radius = 5
19:42:53.08   99 |         for i, (x, y, r) in enumerate(row):
19:42:53.08 .............. x = np.uint16(245)
19:42:53.08 .............. x.shape = ()
19:42:53.08 .............. x.dtype = dtype('uint16')
19:42:53.08 .............. y = np.uint16(907)
19:42:53.08 .............. y.shape = ()
19:42:53.08 .............. y.dtype = dtype('uint16')
19:42:53.08 .............. r = np.uint16(20)
19:42:53.08 .............. i = 0
19:42:53.08  100 |             mask = np.zeros_like(thresh)
19:42:53.08  101 |             cv2.circle(mask, (x, y), r-2, 255, -1)
19:42:53.09  102 |             total = cv2.countNonZero(mask)
19:42:53.09 .................. total = 1009
19:42:53.09  103 |             filled = cv2.countNonZero(cv2.bitwise_and(thresh, thresh, mask=mask))
19:42:53.09 .................. filled = 127
19:42:53.09  104 |             ratio = filled / float(total)
19:42:53.10 .................. ratio = 0.12586719524281467
19:42:53.10  105 |             scores.append((ratio, i))
19:42:53.10 .................. scores = [(0.12586719524281467, 0)]
19:42:53.10 .................. len(scores) = 1
19:42:53.10   99 |         for i, (x, y, r) in enumerate(row):
19:42:53.10 .............. x = np.uint16(353)
19:42:53.10 .............. y = np.uint16(903)
19:42:53.10 .............. r = np.uint16(18)
19:42:53.10 .............. i = 1
19:42:53.10  100 |             mask = np.zeros_like(thresh)
19:42:53.11  101 |             cv2.circle(mask, (x, y), r-2, 255, -1)
19:42:53.11  102 |             total = cv2.countNonZero(mask)
19:42:53.11 .................. total = 797
19:42:53.11  103 |             filled = cv2.countNonZero(cv2.bitwise_and(thresh, thresh, mask=mask))
19:42:53.12 .................. filled = 797
19:42:53.12  104 |             ratio = filled / float(total)
19:42:53.12 .................. ratio = 1.0
19:42:53.12  105 |             scores.append((ratio, i))
19:42:53.12 .................. scores = [(0.12586719524281467, 0), (1.0, 1)]
19:42:53.12 .................. len(scores) = 2
19:42:53.12   99 |         for i, (x, y, r) in enumerate(row):
19:42:53.13 .............. x = np.uint16(565)
19:42:53.13 .............. y = np.uint16(907)
19:42:53.13 .............. r = np.uint16(20)
19:42:53.13 .............. i = 2
19:42:53.13  100 |             mask = np.zeros_like(thresh)
19:42:53.13  101 |             cv2.circle(mask, (x, y), r-2, 255, -1)
19:42:53.13  102 |             total = cv2.countNonZero(mask)
19:42:53.14 .................. total = 1009
19:42:53.14  103 |             filled = cv2.countNonZero(cv2.bitwise_and(thresh, thresh, mask=mask))
19:42:53.14 .................. filled = 131
19:42:53.14  104 |             ratio = filled / float(total)
19:42:53.14 .................. ratio = 0.12983151635282458
19:42:53.14  105 |             scores.append((ratio, i))
19:42:53.14 .................. scores = [(0.12586719524281467, 0), (1.0, 1), (0.12983151635282458, 2)]
19:42:53.14 .................. len(scores) = 3
19:42:53.14   99 |         for i, (x, y, r) in enumerate(row):
19:42:53.15 .............. x = np.uint16(1173)
19:42:53.15 .............. y = np.uint16(903)
19:42:53.15 .............. r = np.uint16(19)
19:42:53.15 .............. i = 3
19:42:53.15  100 |             mask = np.zeros_like(thresh)
19:42:53.15  101 |             cv2.circle(mask, (x, y), r-2, 255, -1)
19:42:53.15  102 |             total = cv2.countNonZero(mask)
19:42:53.16 .................. total = 901
19:42:53.16  103 |             filled = cv2.countNonZero(cv2.bitwise_and(thresh, thresh, mask=mask))
19:42:53.16 .................. filled = 895
19:42:53.16  104 |             ratio = filled / float(total)
19:42:53.16 .................. ratio = 0.9933407325194229
19:42:53.16  105 |             scores.append((ratio, i))
19:42:53.17 .................. scores = [(0.12586719524281467, 0), (1.0, 1), (0.12983151635282458, 2), (0.9933407325194229, 3)]
19:42:53.17 .................. len(scores) = 4
19:42:53.17   99 |         for i, (x, y, r) in enumerate(row):
19:42:53.17 .............. x = np.uint16(1489)
19:42:53.17 .............. y = np.uint16(905)
19:42:53.17 .............. i = 4
19:42:53.17  100 |             mask = np.zeros_like(thresh)
19:42:53.17  101 |             cv2.circle(mask, (x, y), r-2, 255, -1)
19:42:53.18  102 |             total = cv2.countNonZero(mask)
19:42:53.18  103 |             filled = cv2.countNonZero(cv2.bitwise_and(thresh, thresh, mask=mask))
19:42:53.18 .................. filled = 102
19:42:53.18  104 |             ratio = filled / float(total)
19:42:53.19 .................. ratio = 0.11320754716981132
19:42:53.19  105 |             scores.append((ratio, i))
19:42:53.19 .................. scores = [(0.12586719524281467, 0), (1.0, 1), (0.12983151635282458, 2), (0.9933407325194229, 3), (0.11320754716981132, 4)]
19:42:53.19 .................. len(scores) = 5
19:42:53.19   99 |         for i, (x, y, r) in enumerate(row):
19:42:53.19  107 |         best_ratio, best_idx = max(scores, key=lambda t: t[0])
19:42:53.20  108 |         ic(scores)
19:42:53.20  109 |         ic(best_ratio, best_idx, q_num)
19:42:53.20  110 |         chosen = OPTIONS[best_idx] if best_ratio >= FILL_THRESHOLD else '-'
19:42:53.21  112 |         results.append({
19:42:53.21  113 |             'Questão': q_num,
19:42:53.21  114 |             'Alternativa': chosen,
19:42:53.22  115 |             'Score': round(best_ratio, 2)
19:42:53.22  112 |         results.append({
19:42:53.22 .............. results = [{'Questão': 11, 'Alternativa': 'B', 'Score': 0.98}, {'Questão': 12, 'Alternativa': 'A', 'Score': 1.0}, {'Questão': 13, 'Alternativa': 'C', 'Score': 1.0}, ..., {'Questão': 17, 'Alternativa': 'B', 'Score': 1.0}, {'Questão': 18, 'Alternativa': 'B', 'Score': 1.0}, {'Questão': 19, 'Alternativa': 'B', 'Score': 1.0}]
19:42:53.22 .............. len(results) = 9
19:42:53.22  117 |         ic(results)
19:42:53.23   98 |     with snoop:
19:42:53.24 <<< Exit with block in <module>
19:42:53.24 >>> Enter with block in <module> in File "/home/andvsilva/repo/porphyrio2025/AI/gabarito_answered/readpngcnt.py", line 98
19:42:53.24 .......... __name__ = '__main__'
19:42:53.24 .......... __doc__ = None
19:42:53.24 .......... __package__ = None
19:42:53.24 .......... __loader__ = <_frozen_importlib_external.SourceFileLoader object at 0x799d20b1d7e0>
19:42:53.24 .......... __spec__ = None
19:42:53.24 .......... __annotations__ = {}
19:42:53.24 .......... __builtins__ = <module 'builtins' (built-in)>
19:42:53.24 .......... __file__ = '/home/andvsilva/repo/porphyrio2025/AI/gabarito_answered/readpngcnt.py'
19:42:53.24 .......... len(__file__) = 69
19:42:53.24 .......... __cached__ = None
19:42:53.24 .......... Path = <class 'pathlib.Path'>
19:42:53.24 .......... cv2 = <module 'cv2' from '/home/andvsilva/.local/lib/python3.10/site-packages/cv2/__init__.py'>
19:42:53.24 .......... np = <module 'numpy' from '/home/andvsilva/.local/lib/python3.10/site-packages/numpy/__init__.py'>
19:42:53.24 .......... np.shape = <function shape at 0x799d1e3ac0b0>
19:42:53.24 .......... np.dtype = <class 'numpy.dtype'>
19:42:53.24 .......... os = <module 'os' from '/usr/lib/python3.10/os.py'>
19:42:53.24 .......... csv = <module 'csv' from '/usr/lib/python3.10/csv.py'>
19:42:53.24 .......... pd = <module 'pandas' from '/home/andvsilva/.local/lib/python3.10/site-packages/pandas/__init__.py'>
19:42:53.24 .......... ic = <icecream.icecream.IceCreamDebugger object at 0x799d008bf070>
19:42:53.24 .......... snoop = <class 'snoop.configuration.Config.__init__.<locals>.ConfiguredTracer'>
19:42:53.24 .......... IMG_PATH = 'edf_cnt_gabarito.png'
19:42:53.24 .......... OUT_CSV = 'gabarito_CNT.csv'
19:42:53.24 .......... OUT_IMG = 'gabarito_final_CNT.png'
19:42:53.24 .......... FILL_THRESHOLD = 0.5
19:42:53.24 .......... K_COLUMNS = 2
19:42:53.24 .......... OPTIONS = ['A', 'B', 'C', 'D', 'E']
19:42:53.24 .......... len(OPTIONS) = 5
19:42:53.24 .......... img_path = PosixPath('edf_cnt_gabarito.png')
19:42:53.24 .......... gray = array([[255, 255, 255, ..., 255, 255, 255],
19:42:53.24                          [255, 255, 255, ..., 255, 255, 255],
19:42:53.24                          [255, 255, 255, ..., 255, 255, 255],
19:42:53.24                          ...,
19:42:53.24                          [255, 255, 255, ..., 255, 255, 255],
19:42:53.24                          [255, 255, 255, ..., 255, 255, 255],
19:42:53.24                          [255, 255, 255, ..., 255, 255, 255]],
19:42:53.24                         shape=(1050, 1600), dtype=uint8)
19:42:53.24 .......... gray.shape = (1050, 1600)
19:42:53.24 .......... gray.dtype = dtype('uint8')
19:42:53.24 .......... _ = 136.0
19:42:53.24 .......... thresh = array([[0, 0, 0, ..., 0, 0, 0],
19:42:53.24                            [0, 0, 0, ..., 0, 0, 0],
19:42:53.24                            [0, 0, 0, ..., 0, 0, 0],
19:42:53.24                            ...,
19:42:53.24                            [0, 0, 0, ..., 0, 0, 0],
19:42:53.24                            [0, 0, 0, ..., 0, 0, 0],
19:42:53.24                            [0, 0, 0, ..., 0, 0, 0]], shape=(1050, 1600), dtype=uint8)
19:42:53.24 .......... thresh.shape = (1050, 1600)
19:42:53.24 .......... thresh.dtype = dtype('uint8')
19:42:53.24 .......... circles = [array([659,  25,  19], dtype=uint16), array([1385,  235,   21], dtype=uint16), array([563, 238,  19], dtype=uint16), ..., array([1387,  985,   19], dtype=uint16), array([1489,  987,   19], dtype=uint16), array([143, 989,  21], dtype=uint16)]
19:42:53.24 .......... len(circles) = 39
19:42:53.24 .......... rows = 10
19:42:53.24 .......... current_row = [(np.uint16(247), np.uint16(985), np.uint16(19)), (np.uint16(565), np.uint16(985), np.uint16(19)), (np.uint16(1067), np.uint16(985), np.uint16(19)), (np.uint16(1387), np.uint16(985), np.uint16(19)), (np.uint16(1489), np.uint16(987), np.uint16(19)), (np.uint16(143), np.uint16(989), np.uint16(21))]
19:42:53.24 .......... len(current_row) = 6
19:42:53.24 .......... last_y = np.float64(987.5)
19:42:53.24 .......... last_y.shape = ()
19:42:53.24 .......... last_y.dtype = dtype('float64')
19:42:53.24 .......... tol = 5
19:42:53.24 .......... x = 1183
19:42:53.24 .......... y = 993
19:42:53.24 .......... r = np.uint16(19)
19:42:53.24 .......... r.shape = ()
19:42:53.24 .......... r.dtype = dtype('uint16')
19:42:53.24 .......... points = [(563, 238), (1385, 235), (353, 321), (1069, 321), ..., (143, 821), (1279, 821), (353, 903), (1173, 903)]
19:42:53.24 .......... len(points) = 18
19:42:53.24 .......... results = [{'Questão': 11, 'Alternativa': 'B', 'Score': 0.98}, {'Questão': 12, 'Alternativa': 'A', 'Score': 1.0}, {'Questão': 13, 'Alternativa': 'C', 'Score': 1.0}, ..., {'Questão': 17, 'Alternativa': 'B', 'Score': 1.0}, {'Questão': 18, 'Alternativa': 'B', 'Score': 1.0}, {'Questão': 19, 'Alternativa': 'B', 'Score': 1.0}]
19:42:53.24 .......... len(results) = 9
19:42:53.24 .......... img_color = array([[[255, 255, 255],
19:42:53.24                                [255, 255, 255],
19:42:53.24                                ...,
19:42:53.24                                [255, 255, 255],
19:42:53.24                                [255, 255, 255]],
19:42:53.24                        
19:42:53.24                               [[255, 255, 255],
19:42:53.24                                [255, 255, 255],
19:42:53.24                                ...,
19:42:53.24                                [255, 255, 255],
19:42:53.24                                [255, 255, 255]],
19:42:53.24                        
19:42:53.24                               ...,
19:42:53.24                        
19:42:53.24                               [[255, 255, 255],
19:42:53.24                                [255, 255, 255],
19:42:53.24                                ...,
19:42:53.24                                [255, 255, 255],
19:42:53.24                                [255, 255, 255]],
19:42:53.24                        
19:42:53.24                               [[255, 255, 255],
19:42:53.24                                [255, 255, 255],
19:42:53.24                                ...,
19:42:53.24                                [255, 255, 255],
19:42:53.24                                [255, 255, 255]]], shape=(1050, 1600, 3), dtype=uint8)
19:42:53.24 .......... img_color.shape = (1050, 1600, 3)
19:42:53.24 .......... img_color.dtype = dtype('uint8')
19:42:53.24 .......... q_num = 20
19:42:53.24 .......... row = [(np.uint16(143), np.uint16(989), np.uint16(21)), (np.uint16(247), np.uint16(985), np.uint16(19)), (np.uint16(565), np.uint16(985), np.uint16(19)), (np.uint16(1067), np.uint16(985), np.uint16(19)), (np.uint16(1387), np.uint16(985), np.uint16(19)), (np.uint16(1489), np.uint16(987), np.uint16(19))]
19:42:53.24 .......... len(row) = 6
19:42:53.24 .......... scores = []
19:42:53.24 .......... i = 4
19:42:53.24 .......... mask = array([[0, 0, 0, ..., 0, 0, 0],
19:42:53.24                          [0, 0, 0, ..., 0, 0, 0],
19:42:53.24                          [0, 0, 0, ..., 0, 0, 0],
19:42:53.24                          ...,
19:42:53.24                          [0, 0, 0, ..., 0, 0, 0],
19:42:53.24                          [0, 0, 0, ..., 0, 0, 0],
19:42:53.24                          [0, 0, 0, ..., 0, 0, 0]], shape=(1050, 1600), dtype=uint8)
19:42:53.24 .......... mask.shape = (1050, 1600)
19:42:53.24 .......... mask.dtype = dtype('uint8')
19:42:53.24 .......... total = 901
19:42:53.24 .......... filled = 102
19:42:53.24 .......... ratio = 0.11320754716981132
19:42:53.24 .......... best_ratio = 1.0
19:42:53.24 .......... best_idx = 1
19:42:53.24 .......... chosen = 'B'
19:42:53.24 .......... index = 2
19:42:53.24 .......... color = (0, 255, 255)
19:42:53.24 .......... len(color) = 3
19:42:53.24 .......... x_alt = 1289
19:42:53.24 .......... icon = 'E'
19:42:53.24 .......... start_point = (750, 741)
19:42:53.24 .......... len(start_point) = 2
19:42:53.24 .......... end_point = (1200, 741)
19:42:53.24 .......... len(end_point) = 2
19:42:53.24 .......... thickness = -1
19:42:53.24 .......... y_alt = 825
19:42:53.24 .......... q = 17
19:42:53.24 .......... cols = 5
19:42:53.24 .......... matrix1 = array([[(141, 237), (247, 237), (353, 237), (459, 237), (565, 237)],
19:42:53.24                             [(141, 321), (247, 321), (353, 321), (459, 321), (565, 321)],
19:42:53.24                             [(141, 405), (247, 405), (353, 405), (459, 405), (565, 405)],
19:42:53.24                             ...,
19:42:53.24                             [(141, 825), (247, 825), (353, 825), (459, 825), (565, 825)],
19:42:53.24                             [(141, 909), (247, 909), (353, 909), (459, 909), (565, 909)],
19:42:53.24                             [(141, 993), (247, 993), (353, 993), (459, 993), (565, 993)]],
19:42:53.24                            shape=(10, 5), dtype=object)
19:42:53.24 .......... matrix1.shape = (10, 5)
19:42:53.24 .......... matrix1.dtype = dtype('O')
19:42:53.24 .......... xcoor = 759
19:42:53.24 .......... ycoor = 1077
19:42:53.24 .......... matrix2 = array([[(759, 237), (865, 237), (971, 237), (1077, 237), (1183, 237)],
19:42:53.24                             [(759, 321), (865, 321), (971, 321), (1077, 321), (1183, 321)],
19:42:53.24                             [(759, 405), (865, 405), (971, 405), (1077, 405), (1183, 405)],
19:42:53.24                             ...,
19:42:53.24                             [(759, 825), (865, 825), (971, 825), (1077, 825), (1183, 825)],
19:42:53.24                             [(759, 909), (865, 909), (971, 909), (1077, 909), (1183, 909)],
19:42:53.24                             [(759, 993), (865, 993), (971, 993), (1077, 993), (1183, 993)]],
19:42:53.24                            shape=(10, 5), dtype=object)
19:42:53.24 .......... matrix2.shape = (10, 5)
19:42:53.24 .......... matrix2.dtype = dtype('O')
19:42:53.24 .......... radius = 5
19:42:53.24   99 |         for i, (x, y, r) in enumerate(row):
19:42:53.25 .............. x = np.uint16(143)
19:42:53.25 .............. x.shape = ()
19:42:53.25 .............. x.dtype = dtype('uint16')
19:42:53.25 .............. y = np.uint16(989)
19:42:53.25 .............. y.shape = ()
19:42:53.25 .............. y.dtype = dtype('uint16')
19:42:53.25 .............. r = np.uint16(21)
19:42:53.25 .............. i = 0
19:42:53.25  100 |             mask = np.zeros_like(thresh)
19:42:53.25  101 |             cv2.circle(mask, (x, y), r-2, 255, -1)
19:42:53.25  102 |             total = cv2.countNonZero(mask)
19:42:53.26 .................. total = 1129
19:42:53.26  103 |             filled = cv2.countNonZero(cv2.bitwise_and(thresh, thresh, mask=mask))
19:42:53.26 .................. filled = 958
19:42:53.26  104 |             ratio = filled / float(total)
19:42:53.26 .................. ratio = 0.8485385296722764
19:42:53.26  105 |             scores.append((ratio, i))
19:42:53.27 .................. scores = [(0.8485385296722764, 0)]
19:42:53.27 .................. len(scores) = 1
19:42:53.27   99 |         for i, (x, y, r) in enumerate(row):
19:42:53.27 .............. x = np.uint16(247)
19:42:53.27 .............. y = np.uint16(985)
19:42:53.27 .............. r = np.uint16(19)
19:42:53.27 .............. i = 1
19:42:53.27  100 |             mask = np.zeros_like(thresh)
19:42:53.27  101 |             cv2.circle(mask, (x, y), r-2, 255, -1)
19:42:53.28  102 |             total = cv2.countNonZero(mask)
19:42:53.28 .................. total = 901
19:42:53.28  103 |             filled = cv2.countNonZero(cv2.bitwise_and(thresh, thresh, mask=mask))
19:42:53.28 .................. filled = 96
19:42:53.28  104 |             ratio = filled / float(total)
19:42:53.29 .................. ratio = 0.10654827968923418
19:42:53.29  105 |             scores.append((ratio, i))
19:42:53.29 .................. scores = [(0.8485385296722764, 0), (0.10654827968923418, 1)]
19:42:53.29 .................. len(scores) = 2
19:42:53.29   99 |         for i, (x, y, r) in enumerate(row):
19:42:53.29 .............. x = np.uint16(565)
19:42:53.29 .............. i = 2
19:42:53.29  100 |             mask = np.zeros_like(thresh)
19:42:53.30  101 |             cv2.circle(mask, (x, y), r-2, 255, -1)
19:42:53.30  102 |             total = cv2.countNonZero(mask)
19:42:53.30  103 |             filled = cv2.countNonZero(cv2.bitwise_and(thresh, thresh, mask=mask))
19:42:53.31 .................. filled = 98
19:42:53.31  104 |             ratio = filled / float(total)
19:42:53.31 .................. ratio = 0.10876803551609324
19:42:53.31  105 |             scores.append((ratio, i))
19:42:53.31 .................. scores = [(0.8485385296722764, 0), (0.10654827968923418, 1), (0.10876803551609324, 2)]
19:42:53.31 .................. len(scores) = 3
19:42:53.31   99 |         for i, (x, y, r) in enumerate(row):
19:42:53.32 .............. x = np.uint16(1067)
19:42:53.32 .............. i = 3
19:42:53.32  100 |             mask = np.zeros_like(thresh)
19:42:53.32  101 |             cv2.circle(mask, (x, y), r-2, 255, -1)
19:42:53.32  102 |             total = cv2.countNonZero(mask)
19:42:53.33  103 |             filled = cv2.countNonZero(cv2.bitwise_and(thresh, thresh, mask=mask))
19:42:53.33 .................. filled = 100
19:42:53.33  104 |             ratio = filled / float(total)
19:42:53.33 .................. ratio = 0.11098779134295228
19:42:53.33  105 |             scores.append((ratio, i))
19:42:53.34 .................. scores = [(0.8485385296722764, 0), (0.10654827968923418, 1), (0.10876803551609324, 2), (0.11098779134295228, 3)]
19:42:53.34 .................. len(scores) = 4
19:42:53.34   99 |         for i, (x, y, r) in enumerate(row):
19:42:53.34 .............. x = np.uint16(1387)
19:42:53.34 .............. i = 4
19:42:53.34  100 |             mask = np.zeros_like(thresh)
19:42:53.34  101 |             cv2.circle(mask, (x, y), r-2, 255, -1)
19:42:53.34  102 |             total = cv2.countNonZero(mask)
19:42:53.35  103 |             filled = cv2.countNonZero(cv2.bitwise_and(thresh, thresh, mask=mask))
19:42:53.35 .................. filled = 102
19:42:53.35  104 |             ratio = filled / float(total)
19:42:53.35 .................. ratio = 0.11320754716981132
19:42:53.35  105 |             scores.append((ratio, i))
19:42:53.36 .................. scores = [(0.8485385296722764, 0), (0.10654827968923418, 1), (0.10876803551609324, 2), (0.11098779134295228, 3), (0.11320754716981132, 4)]
19:42:53.36 .................. len(scores) = 5
19:42:53.36   99 |         for i, (x, y, r) in enumerate(row):
19:42:53.36 .............. x = np.uint16(1489)
19:42:53.36 .............. y = np.uint16(987)
19:42:53.36 .............. i = 5
19:42:53.36  100 |             mask = np.zeros_like(thresh)
19:42:53.36  101 |             cv2.circle(mask, (x, y), r-2, 255, -1)
19:42:53.37  102 |             total = cv2.countNonZero(mask)
19:42:53.37  103 |             filled = cv2.countNonZero(cv2.bitwise_and(thresh, thresh, mask=mask))
19:42:53.37 .................. filled = 867
19:42:53.37  104 |             ratio = filled / float(total)
19:42:53.38 .................. ratio = 0.9622641509433962
19:42:53.38  105 |             scores.append((ratio, i))
19:42:53.38 .................. scores = [(0.8485385296722764, 0), (0.10654827968923418, 1), (0.10876803551609324, 2), (0.11098779134295228, 3), (0.11320754716981132, 4), (0.9622641509433962, 5)]
19:42:53.38 .................. len(scores) = 6
19:42:53.38   99 |         for i, (x, y, r) in enumerate(row):
19:42:53.38  107 |         best_ratio, best_idx = max(scores, key=lambda t: t[0])
19:42:53.39 .............. best_ratio = 0.9622641509433962
19:42:53.39 .............. best_idx = 5
19:42:53.39  108 |         ic(scores)
19:42:53.39  109 |         ic(best_ratio, best_idx, q_num)
19:42:53.40  110 |         chosen = OPTIONS[best_idx] if best_ratio >= FILL_THRESHOLD else '-'
19:42:53.44 !!! IndexError: list index out of range
19:42:53.44 !!! When subscripting: OPTIONS[best_idx]
19:42:53.44   98 |     with snoop:
19:42:53.45 <<< Exit with block in <module>
